,3248,8922,2148,7833,2459,4813,3624,3823,2438,3311,2788,2489,6668,4749,3773,3727,2402,6778,8925,4563,3840,3796,4747,6656,7725,2122,3747,3237,3853,2492,6721,8767,2352,3785,9381,2351,2175,6161,2355,8998,2497,3850,6255,2478,6670,3734,8912,8914,4566,2123,4564,2155,2133,7311,3372,3632,3387,3629,2150,3731,3812,3325,3736,3319,3744,4751,3810,3778,7829,3745,4320,2160,3788,2174,4308,3063,6667,3826,2345,2463,2926,3827,1711,3712,9399,9204,4770,3393,3092,3071,2375,2338,2385,2399,4565,4974,2151,3343,3251,3245,2356,3782,2397,2379,3628,3787,4794,3620,2404,3742,3786,3067,2178,3347,2342,3772,3793,3093,4571,3783,8426,2393,3751,8945,3723,2766,3722,8992,2409,3622,3328,3394,2128,3831,3021,4809,2491,4766,2477,2464,3041,3623,9514,2929,7717,8789,3726,9445,2405,8929,2468,3753,3627,6836,3843,2159,2418,3053,3060,3756,6264,2652,2121,4744,2451,3815,4824,2370,2369,7853,2158,3031,3856,6786,2183,3825,2403,6672,2798,4839
Apr-10,52400,7360,93700,33900,36600,156100,60600,120300,72700,46300,16530,122100,114900,15,67000,113600,453,37600,342,152900,24420,39200,352500,39500,27870,79400,29400,7660,141100,204000,31400,87800,43800,59000,911,53700,137500,110000,8250,68800,57200,134900,1961,38900,11370,53000,2628,4750,39100,845,186600,166100,40000,81700,90700,5770,493,406,51700,28210,91800,67400,9250,24900,32000,169500,50400,108900,90800,245800,88900,33,83000,97000,49200,66800,135000,86400,73000,21500,16300,6300,166000,67900,1120,365,224,285000,201600,64900,120000,45000,22490,40350,121100,214100,1450,69800,15140,21000,48000,9290,39800,33700,1522,152000,339,163400,45200,5460,82300,23500,2466,9200,16210,66300,576000,1045,27000,56800,1670,57500,16000,70100,23700,254900,40450,33900,4000,33850,64800,165000,69000,93500,47000,79700,35300,87,108900,50600,39950,142000,11600,33900,608000,6900,2915,20910,3400,40200,137900,78500,224500,56700,411500,39050,249400,45950,110100,52200,80400,875,618000,2830,80,93400,42200,43500,10450,3850,1625,196000,79900,52200,660,44900,7530,51,89100,196800
Mar-10,47550,7300,45100,29950,40550,141600,47000,134000,62500,45000,15750,120600,113900,14,61500,109700,448,34950,347,147200,23410,38500,325000,30900,29510,66100,25480,7800,81000,198500,30600,78500,35000,48400,926,47500,127000,124500,8140,70000,55800,128000,2000,34550,10920,35100,2158,4710,35650,830,179100,170000,39000,80500,90800,5710,451,409,48000,27220,91000,61800,8970,21900,28000,165400,40200,87300,84900,237900,62600,26,72300,88900,41000,64500,121500,83700,41900,16200,16180,5500,161000,62400,1135,361,185,118000,170000,59300,111000,27540,17550,40000,104900,210800,1356,63500,15090,21700,46000,9090,37800,31400,1590,135000,333,150600,41100,5500,80000,22200,2492,9090,15090,52000,553000,1010,24150,43100,1692,54800,10000,65000,20870,279300,37500,28400,4190,28750,62900,116000,69000,90600,39000,67400,29500,84,103300,49000,41500,131500,11100,34000,498000,4630,2890,20200,3070,37350,126000,64600,199500,48000,377500,38500,245100,51400,92000,39400,79000,919,637000,2590,72,66000,41000,33100,6890,3725,1469,190800,78000,51800,655,40500,10350,43,85700,197800
Feb-10,47800,6250,30250,26300,25600,134500,23300,105700,45200,34900,14600,122300,85000,19,57500,66100,406,21730,324,141300,20010,35000,267000,29700,21910,45100,25100,8100,36450,239000,22500,66800,37000,41550,859,20310,111200,92000,6460,55800,42000,120000,2101,25800,8220,23000,1956,4430,40000,773,183100,147250,36700,75500,83000,5470,460,347,56500,25550,67600,52000,8200,20220,19600,161700,28700,66000,29900,204400,28300,27,58900,79500,25300,58700,67800,71800,36500,11500,12040,5500,134000,54400,1050,405,135,68000,144000,57100,103000,19850,14150,35900,117000,188600,1257,39800,10700,22010,46000,8700,37800,25100,1450,86300,336,139800,38300,7190,70500,22300,2752,9250,14510,47900,511000,930,28490,37500,1555,56100,8200,58500,19300,222200,33900,20020,2216,18250,61000,79000,62100,84000,32900,50700,19300,81,88000,48000,34600,108000,11000,28800,531000,3510,2990,19320,2943,29400,93200,67800,174000,48950,386000,37950,277700,44700,82000,39000,66100,830,572000,2421,65,49100,20260,18750,6280,2899,1870,181900,38000,42900,574,21900,7860,53,91200,182900
Jan-10,57400,7060,28000,29490,17450,130000,22000,91600,46600,33500,16690,129600,93000,20,50100,53500,401,24100,357,145000,22090,42050,225900,23900,20000,50600,24010,8320,22000,250000,24600,66500,31700,40500,922,21800,141000,92000,7800,61900,27550,133000,2259,27810,8660,19000,1810,4440,39550,777,163900,77500,39050,68600,80100,5260,486,324,62000,26630,70500,58500,9130,21650,21600,158000,31200,51800,32900,205700,29700,27,59500,105000,18850,66300,40000,69000,42600,11680,9200,4200,118100,55500,1279,436,160,48650,170400,59000,91900,22150,14500,37050,93100,188400,1300,39100,10300,17890,49400,8640,41600,25200,1770,100200,373,138800,44300,3905,76300,23500,2615,7400,16250,47400,375500,949,28600,44300,1763,56200,7500,57500,19610,236100,34800,22700,2139,16000,53700,49500,61400,77000,32000,50900,16260,103,54800,48500,28590,119900,11800,26000,607000,4100,2990,19510,3510,28190,108400,90000,188500,48300,444500,39100,279000,49800,82600,38200,69900,848,608000,2685,70,51000,17800,16610,6900,3130,1994,172000,38850,50000,668,23010,13400,66,106700,191000
Dec-09,46150,5970,28000,28800,17000,136300,23400,74600,43950,30600,15900,152900,91500,20,33400,47500,431,24800,442,141000,21000,38500,227200,20200,20000,49500,24700,8640,17160,244400,24010,62500,36000,40450,711,21400,141900,87500,8310,51500,24400,135000,2400,29600,9140,19700,1709,4150,32800,807,134600,60000,31600,68000,85700,5720,517,314,62100,27680,73500,66100,11700,21000,21600,164000,29590,42350,30250,228000,27110,28,65100,98900,20500,67000,29500,69800,38600,11500,8120,3310,120100,52700,1369,394,120,45200,170500,59900,86200,18700,13910,36550,104600,190100,1330,35500,9350,18000,48300,13000,40600,27000,1991,104000,350,162100,41650,3980,65000,22000,2920,7350,17150,45250,483000,939,29700,24010,1921,54000,7150,59000,21000,253600,34000,20320,2340,15300,66500,45100,58300,78000,31950,53000,16940,63,48200,53500,27190,121000,12000,31000,630000,2920,2725,19100,2800,28500,104300,30600,195000,51000,348000,45450,269500,54500,79000,38100,72000,806,732000,3600,71,47900,16860,16260,6450,2990,1892,170000,34600,59500,626,21100,16450,63,103500,168500
Nov-09,46000,5400,26850,27990,16190,181500,21000,62400,43100,29000,16300,131900,91400,19,38600,50200,481,27000,289,109000,22790,39000,215500,20000,19110,48900,22500,8400,13800,250000,19800,61500,36200,37350,660,20200,154000,88100,7880,54000,22200,129800,2055,28600,8080,23000,1630,4480,31650,758,127000,50000,27900,65000,82200,4600,500,340,52300,28900,62400,50300,7400,20000,21500,130800,24810,42400,28750,184900,23200,27,61000,109500,19800,61000,26770,66000,35400,11200,7940,3050,125000,48850,1324,313,119,35950,173000,56500,94800,19700,13600,33900,90700,176000,1340,32500,9800,17700,48000,6500,42350,20410,1990,101000,286,157900,37300,4450,63000,20690,2550,6300,18000,44400,334000,930,29010,19100,1806,53900,6430,58500,18690,251000,33900,23950,1980,14750,52700,57000,53000,72100,38350,47600,15230,48,46500,41000,27100,109500,9150,27860,625000,2200,2520,19580,2850,28160,99100,26000,158000,47500,309000,34450,248200,58500,77000,39800,65000,729,700000,3200,69,45500,15680,15050,6350,3350,1930,178000,38050,58500,640,23500,14070,61,97700,158000
Oct-09,50000,8700,29360,27500,21000,227000,24890,81000,46450,29000,17980,135000,88500,23,48200,53700,497,31200,325,131800,20500,38400,279000,24200,26250,48000,25680,9020,17000,259900,28000,68700,26200,41250,675,21000,204600,88000,9700,53500,28100,164900,2350,29700,9850,24320,1949,5050,42050,1039,177500,60500,28300,74800,99300,5030,591,364,43000,33400,85500,74700,8500,23550,25500,119200,27800,46100,30700,239700,29490,18,78800,107200,20800,64700,35050,64000,45400,13510,7960,4700,157200,54500,1310,203,144,50000,180900,56600,88000,27800,18590,38000,117200,218000,1240,36000,12250,14600,54500,9070,43000,27500,2000,129100,336,192000,32600,5300,83500,21900,2750,6740,19000,49500,265000,932,30900,24020,2090,55700,7500,67600,22020,359000,36000,36900,2095,15890,68100,64800,58300,91000,38800,50900,18150,75,47000,45500,42200,128900,12050,20500,676000,2700,3170,19930,2890,31950,133500,32000,213000,51800,429000,44400,310000,60200,99000,41700,79000,985,747000,4080,81,46400,17800,18010,7710,3290,2085,180000,42800,57700,888,26500,20300,91,98900,178500
Sep-09,52100,8800,30000,29000,22410,253700,23500,66400,46800,28000,16900,113700,94100,23,47000,53400,467,32900,722,152700,26200,40000,307000,31000,27510,48200,23210,10200,14800,246600,27150,71100,30800,45450,680,24300,199400,86000,10250,58000,26500,171000,2490,30000,10190,25200,1982,5470,44000,1214,184000,49500,26650,78000,94300,4890,638,360,55500,37250,90400,79500,12700,24000,25000,115400,43200,45600,27850,269500,28300,18,75200,113000,24990,63700,38700,66000,56100,13900,7710,4850,163500,60500,1283,198,221,47750,180500,57500,94500,30900,19100,36100,186900,232300,1421,38750,8500,15800,57000,10700,47600,28700,1949,122900,347,250000,37300,6800,92000,21000,3230,6930,19660,52200,207000,969,32250,25200,1959,59000,9100,70000,26000,386000,36800,33900,2030,16650,77700,69500,59500,99400,38400,61000,19200,77,39500,48000,42050,144100,13080,20000,688000,2850,3110,20500,3070,29810,140000,28800,230000,56000,479000,51200,348000,60200,116000,42000,79000,942,593000,4140,90,45800,16880,14800,7850,3220,1990,184900,34100,39000,965,21600,18620,83,113400,198900
Aug-09,62100,14050,33000,27100,26200,249500,27490,66400,48000,34100,20200,106700,105000,30,55400,68100,463,48600,1163,172800,17450,45050,326000,36500,37500,47000,26060,11300,16000,191000,25490,78100,31850,50600,686,26020,238000,93000,11720,53000,30200,178000,2560,33500,11850,31500,2440,7160,48000,1610,203000,48350,32000,84600,96800,4135,668,402,66600,34950,103400,58800,17700,26300,27600,88300,47300,49400,31550,289000,31350,25,87900,105900,26400,72100,38500,77100,64000,15740,8260,6900,176000,57400,1560,171,269,52900,144400,57500,92500,30000,24700,41400,154400,229400,1400,37200,8820,17100,61000,20990,60100,28990,2265,146800,419,255000,39150,7030,110300,24800,2985,7440,19800,59100,213000,995,18200,31700,2730,61900,9820,73200,27200,357000,41250,38500,2320,19740,80100,71800,66700,96000,38500,65000,18980,108,49500,47700,46600,115800,13200,25490,592000,3900,3490,24110,3070,33000,145500,30800,273800,55500,570000,51100,291800,71800,125000,47600,89100,999,599000,4960,96,48150,19100,16390,8820,4830,2340,207000,48000,40000,1013,38400,20690,112,118000,213700
Jul-09,77200,15610,31650,24020,23410,277100,34000,64400,50600,33100,22800,169600,128000,33,50900,71200,449,42900,695,175100,14800,50700,328000,38000,35000,52300,29000,13600,15300,185100,24500,86000,33400,49200,680,26610,258500,91700,12200,56200,32250,185000,2490,34000,12740,32900,2340,8020,31600,1263,215400,50450,32500,92800,86200,3825,735,412,69800,32100,101900,40900,42500,26620,29300,89500,49500,50500,28480,331000,34000,30,76500,116800,30000,84000,40500,86500,59000,15900,8750,8100,190000,51000,1750,168,240,53800,162100,57500,86200,32500,31000,40450,149800,231300,1460,36500,8730,13500,60000,27450,59000,23920,2070,169000,443,266500,43300,8200,96000,23800,2530,7950,19500,65300,233000,890,19380,35500,2425,60500,10520,69000,28200,404000,40800,38700,2470,18500,86100,75000,64500,92200,33750,51000,22000,136,57000,42000,47800,120900,14200,27180,658000,3530,3880,22800,3340,36500,113500,31400,258000,55500,557000,51400,277800,72200,110000,47600,120000,991,667000,5600,104,46600,19980,19250,9200,5500,2160,178000,35600,42000,1170,39000,17380,132,126000,216000
Jun-09,148600,17220,35300,24310,27210,240000,38100,79000,54500,30300,26500,127800,116000,35,53200,70300,466,46550,1234,153700,21490,56000,402000,31100,35000,53000,29520,13130,15480,166000,24000,80300,29600,47500,635,28500,257000,94500,13400,65000,36750,190500,2515,36300,12810,33800,2580,6400,19120,1148,171700,46500,31600,103000,86400,3520,562,462,59600,26200,111300,40100,47800,20990,29600,91400,47300,52000,32200,322000,34000,35,69100,120000,34300,65700,39700,91900,61500,18190,8200,10450,205000,53600,2085,136,208,51300,130400,58700,82400,36200,33400,43800,120000,235500,1425,34000,8350,16610,65000,30000,66100,25500,2075,221400,483,256000,44000,8530,106300,19140,1326,8650,18000,69000,249800,840,18800,35000,3460,55000,11350,67000,28750,428000,41550,42750,3310,23300,97300,75000,57100,111000,35400,46300,21750,57,60000,41100,48600,127900,16850,28200,598000,4090,3790,20100,3680,45150,109500,29500,206500,58800,616000,69300,282000,67100,97000,50800,141500,1015,574000,5790,88,45850,21850,19600,9760,4970,2240,183000,36600,34000,892,46300,18600,112,125400,165000
May-09,151000,15080,36200,28400,34000,217400,39700,92000,47400,25500,19640,85500,149000,33,60700,73500,354,41800,1468,134000,25800,52200,283900,17800,32100,47200,27800,11000,15400,155900,22800,69000,31800,45400,510,29810,283500,89000,12560,22750,34150,219000,2350,32100,9120,37100,2160,6150,20300,1203,143600,48000,21700,75000,90800,2940,584,418,56600,9800,113700,42550,42200,20530,33950,69600,36950,53300,29450,226000,30800,37,64000,150000,33500,53500,29800,70000,66500,15010,7050,11600,235000,51800,2345,127,187,55100,108500,56500,86100,33050,19500,34500,71100,242800,1268,36950,8490,15010,61500,31300,43400,24300,1685,260000,525,223000,34500,6900,51500,18970,1263,7610,14010,82900,333000,614,15680,23300,3500,53200,13460,67300,30650,377000,37550,35400,2145,20000,128800,63500,47500,87000,31400,48200,18860,50,43800,42700,52000,100000,12750,28950,469000,2675,4150,17750,3100,49250,122250,24800,213500,55600,700000,67200,264000,69500,89500,41800,73900,1070,454000,5060,75,45800,19600,9370,7790,3650,1951,148000,42950,25000,650,52200,22200,107,107000,134500
Apr-09,148000,21400,29200,21330,18110,203600,32300,96100,44450,20000,18990,82600,80000,26,50300,69900,251,29010,1116,110000,22940,44950,260000,12210,27200,39000,32400,12600,13190,130000,18500,56100,22600,49100,425,30500,272000,82000,11800,26090,38450,190500,2205,23050,5470,25900,1503,4860,14860,1192,125000,36150,14500,63000,103800,2875,590,338,50400,7980,94700,44150,43600,18410,26730,63700,26800,49850,28010,143900,30000,12,30550,162200,30000,48000,31600,60000,69800,14680,6000,8500,148000,47300,1529,138,140,40650,86900,53100,81300,35000,17670,33500,30600,231900,1049,24370,6860,8600,57100,31950,28820,20240,1170,59000,554,191900,30000,6800,46400,17010,1156,7960,13040,74000,82800,542,13100,20000,1718,51700,10800,60500,27000,287000,31000,40800,1699,18180,116200,50700,44200,75000,32750,38400,14000,48,33100,35200,46600,88500,11820,30300,227100,2725,3480,16000,2730,34000,90700,22500,172300,54200,515000,62200,230000,49800,90900,38500,59400,945,461000,4430,73,49700,19000,8770,7000,2840,2170,105000,40600,26200,614,61800,29000,108,100700,123200
Mar-09,168000,5170,25700,18100,16500,194000,38600,79500,46950,17800,11700,68200,82600,19,23600,70500,244,29200,807,107100,16060,42000,219000,9500,31650,38400,24600,9320,11800,112000,16100,48100,24700,43500,390,32050,231000,83600,12120,19200,21300,174300,2320,20000,5020,18020,1450,1329,9350,1390,144000,35350,17010,60500,84500,2715,615,309,51500,8170,92300,31500,47500,18400,19520,56400,24600,51500,27900,130000,21850,6,25860,116900,24000,43900,23600,69500,82000,14000,5800,12600,196000,61000,1410,107,128,36200,85400,55600,83600,20420,8350,27620,28700,178000,970,22610,6430,9370,61400,24000,27100,25000,1065,47500,423,166000,30650,6650,40650,17100,1173,7770,13020,70000,74000,588,14180,17520,1346,53200,6500,58100,25500,265600,24620,34200,657,13820,65800,55100,38900,73000,30700,43700,14510,45,30500,30650,40000,83900,10160,31000,135300,2055,3120,16500,2020,24900,74550,24600,131100,49000,501000,41950,195000,40000,89000,38750,62500,989,371000,3050,69,45400,15410,7500,6790,2430,1910,100000,53000,17510,614,38350,19400,84,91500,135000
Feb-09,165000,2600,30000,17660,13400,234900,42800,81000,49000,18500,12420,68100,88800,19,21300,63500,214,28010,420,81000,12150,42000,197000,8690,19780,32300,19000,8000,13400,100000,17810,40000,34000,42800,352,34000,238000,92000,11760,23000,21400,201000,2210,21800,3310,18600,1490,1003,8100,1500,162400,39500,14010,62000,80100,2265,585,272,40000,7490,93000,30000,46900,19300,17000,45050,21000,42600,26200,154000,22000,6,26320,132300,24000,45400,17850,61500,68500,12900,5620,7000,99000,60000,1250,96,120,34550,76400,57900,73000,44150,5380,30750,24400,177300,940,22700,6570,9320,68100,17000,22550,26600,1115,46500,248,196000,27370,4450,34500,18330,1100,6350,14000,49600,52000,550,14870,17510,730,53300,6560,62400,19300,276300,22610,21490,634,15060,65200,35000,31000,91500,30000,38600,18000,40,36000,33000,40100,87500,10700,32000,118500,1414,2765,15600,2000,15000,78750,36900,125800,49050,531000,60300,174900,40900,84800,39050,73000,696,393000,3000,68,50500,16400,6900,6890,2100,1510,139000,25300,16900,406,19300,57500,100,91500,127100
Jan-09,150000,2690,37950,17030,18250,302000,48000,102500,56200,21500,11920,44250,92600,25,26000,80000,219,29100,803,147500,28800,37000,230000,8100,12250,27600,15520,7820,16200,126700,14700,42400,15220,55000,460,34750,195000,88800,10500,14610,38300,196100,2340,27510,3300,18900,1460,2235,9800,1420,134100,40000,18900,61600,82400,3030,752,365,28200,9620,121500,31850,47850,20300,13500,51800,22700,35100,34100,161900,27100,8,29900,206800,28400,50200,34700,56500,35200,15890,5810,7000,81100,62600,1263,102,153,37000,93699,60000,71100,54100,8300,32650,30300,192000,870,25200,6920,10000,83300,48150,34400,28150,840,46700,330,192000,29100,3170,40950,18000,841,5900,15200,48800,66000,531,21250,17600,1218,54300,10010,75800,20260,329000,25860,23400,690,18930,143900,38000,25150,62000,34750,44100,15530,55,43100,37900,45800,83000,22200,30000,151800,1660,3090,15210,1961,29300,75000,24050,131400,49000,395000,84000,130000,39800,93000,40000,72700,793,510000,3470,65,41400,17530,8590,8000,2020,2740,140000,27800,19010,360,32000,65000,103,120500,136600
Dec-08,124000,5040,40500,17800,24350,247700,56000,114300,56800,18500,16970,22000,96000,26,25500,80300,322,23500,900,133400,28490,34300,248600,8800,12000,26920,14310,8510,17800,154800,17700,40900,14200,56000,368,30000,195500,79000,8830,18310,51000,196000,2255,42700,2990,18000,1530,2415,10110,1470,121800,45000,20800,60100,81800,2690,573,379,30800,8000,122600,30000,46300,20520,14010,55100,40150,32250,44300,136300,29800,9,30650,211500,28470,49800,33850,54800,31000,17900,6010,6050,79000,68100,2425,105,155,38950,103333,61600,65500,64100,8890,33750,30750,177300,870,21510,7800,10100,72100,76800,28000,26860,842,60000,429,157200,37800,4550,45250,17800,908,7110,10230,53500,75000,385,11710,20710,1420,50900,17600,65600,20610,266000,25810,30500,820,19280,67000,53000,27000,62500,30050,42900,12430,41,24000,41150,47500,94500,21000,22690,121000,2350,2990,16700,2100,36700,85500,24800,129200,49200,460000,105400,131000,43700,81900,40600,80000,816,547000,3750,62,32800,16800,9280,8600,1589,3020,133600,29500,24810,775,49600,38500,73,118000,120000
Nov-08,61500,6310,36450,25000,27670,123000,38600,75500,54500,16500,19780,16020,120000,37,26800,60000,308,24200,1160,155000,30000,38400,208900,16920,16580,31800,15750,9500,17800,160000,19500,40000,16800,50000,386,42000,178000,89100,9300,21000,55200,246000,1790,41000,4030,15100,1925,2780,8780,1102,115000,40500,20800,77000,85000,,385,410,32500,9650,151000,36000,49000,21000,19920,58700,50500,33900,52400,110500,27700,7,30350,219700,29000,52000,35500,56100,32000,24990,5400,7590,90000,65000,2005,111,153,47900,88666,64600,90700,54500,10500,36500,31200,183000,969,21000,8300,13200,67500,89000,28000,34700,770,67000,350,152500,29800,6500,59800,20000,760,6070,9900,53500,78200,412,7950,21200,1410,52600,21500,70000,20300,302000,30600,34300,803,22630,31100,87000,22500,63700,30700,53500,9050,46,19100,36400,50500,68500,27600,20300,124300,1512,2895,13040,2055,46400,99700,27400,115000,50000,530000,120200,145000,46100,98500,50000,70000,849,627000,4560,70,18000,21000,9400,8500,2790,2100,174000,32400,25400,830,82000,56000,72,108900,100200
Oct-08,47500,6190,31500,24250,30500,122800,36000,119000,53900,14800,19600,17150,110000,39,26000,53000,296,31000,1531,150000,37400,35000,231000,16810,18140,29800,17000,7200,12000,125400,22800,38750,19300,50000,429,26000,154000,83000,10030,21250,70900,280000,1555,37000,5990,18700,1600,2660,8300,1088,72900,44500,48300,55000,90600,,285,495,28590,10100,66000,34200,47700,20200,11000,86600,65900,35400,44000,111600,28000,7,30200,190000,25200,45000,33600,49900,34900,17050,7050,7440,106500,86000,1465,108,140,29510,63166,65900,52000,37500,12710,36500,14570,177900,830,17900,7400,13700,60500,79800,23700,42000,540,68700,675,158600,31500,6950,52200,19000,561,5700,10810,51900,82000,362,6900,20000,2115,51500,19700,60000,22000,181000,25450,67400,811,23900,34950,73200,20000,64800,31650,40000,9300,50,18300,32000,43950,75200,19200,14750,112000,3750,2700,13070,1690,58000,88500,25900,103000,53000,395000,106000,152500,41050,95000,45600,85900,769,576000,4750,73,18520,19900,9800,8190,3000,2270,101000,27500,17200,775,47800,16700,59,100000,95000
Sep-08,46500,10300,37800,28100,39600,178000,65700,235800,100000,19700,26800,25000,167000,31,32000,75000,319,29600,2025,205000,63000,53100,326000,23500,23350,51000,21650,12400,13510,147000,24600,64700,22900,60000,515,21400,192500,97100,11600,21700,108000,298000,2355,71800,9250,24700,2900,4350,9500,1050,87400,47550,51500,68000,98700,,270,,40000,16490,117000,38500,39600,27200,16790,98500,66700,47000,76300,133000,35200,14,48200,285000,33100,57700,43500,68000,39650,52000,9310,9000,130000,108800,1480,124,205,54500,96533,67500,73400,54900,18510,34600,11500,213000,1580,24400,8300,30000,72000,115000,39500,53400,690,87000,1661,145000,35400,6400,81500,19500,1276,7090,15990,86600,97000,510,7990,31500,2980,64200,24400,81000,26500,266000,36600,95000,1249,27400,47000,143000,27350,112000,43650,57000,12190,61,21800,39500,44500,92400,15800,29500,183000,4440,2690,18000,5000,85300,99500,44500,193000,76000,581000,151200,175100,51500,95000,45500,173000,1033,737000,5300,98,21000,27500,4460,8600,3420,3700,148100,44100,18500,,112500,20500,160,109000,132900
Aug-08,50000,10450,43850,35800,49550,214000,77000,232400,121000,25400,31950,28000,245100,23,26510,107100,331,42500,2380,303000,53000,59900,399000,29510,24910,58100,26190,12070,15200,168000,20700,70500,36000,69500,499,23900,201999,100200,12300,24650,92300,302000,2565,77000,11100,33450,1801,5110,11250,940,106400,54000,55000,92400,96900,,289,,42800,17190,127100,49050,11610,30100,21900,104900,83000,56500,102300,140000,40100,16,50000,318000,40550,62000,68700,69900,44550,60100,10840,13000,228000,117000,2380,163,240,67500,137333,65100,90000,57000,19910,37200,18800,248500,1915,33500,10550,32800,78700,165800,38300,49000,,90600,1288,119999,37600,10200,87600,20000,783,6100,19640,96000,129500,600,19650,40300,2520,69300,22900,75100,27520,325000,50500,102100,1139,53800,55500,145500,32250,140000,48550,58400,17500,76,26420,49000,49650,122100,18980,28010,214000,4310,4080,21990,6500,103200,113050,52000,255100,89100,439000,148400,179000,57500,122100,52800,309000,1013,890000,11320,108,24100,32800,7090,11000,3510,4150,230100,47000,21500,,123600,23000,239,134200,152500
Jul-08,52550,24320,53000,45700,61300,159400,79500,218200,141000,29000,30850,25520,244000,28,43200,116100,427,60200,4340,318000,87100,61400,487000,47000,25900,61700,33000,16500,17480,192000,22100,84100,42100,75700,600,27600,178499,122000,17790,45500,86500,310000,2660,97100,16030,38400,3100,8200,15520,970,121600,65000,58900,86600,95800,,308,,56500,21200,163000,57800,21300,34000,30400,143700,85000,66900,128500,138500,54200,20,69000,357000,45100,67000,150000,117600,63700,63800,10300,14000,292300,132500,3290,183,296,76000,109999,46150,92800,60500,34000,44900,33050,253600,2185,45800,13200,30000,84900,157100,40100,55500,,129600,2880,125666,39300,14000,95100,22800,,6720,22600,110000,148000,707,21720,42200,4850,64400,21100,83000,29500,309000,65500,115900,1906,63900,78000,175000,36950,156000,55500,70200,24300,83,39550,48300,45300,172000,22000,32800,209700,7300,6070,22370,7200,122800,124500,60000,294000,98900,481000,180800,179000,56400,139100,61200,258000,1109,718000,13150,122,25400,34500,10000,17000,4200,5920,268000,88200,21220,,129000,35600,270,152500,163100
Jun-08,50500,31700,67800,53300,50900,190000,205000,245000,142000,30400,36500,27200,272000,29,43500,127000,539,62500,4980,332000,115000,60000,548000,55500,30500,63000,33500,20000,19210,183000,31800,92500,50500,79000,555,28010,179999,111000,17800,80100,100000,313000,3060,108000,20670,42050,3780,8600,15100,1020,127000,62500,61500,85100,99900,,350,,66800,25300,135000,57900,23330,34300,35250,132000,75000,75600,120000,129000,62700,39,80000,369000,50000,63000,158000,136000,72100,63300,11000,17320,273000,131000,5250,191,301,51500,103999,62800,101000,58200,32500,49000,38150,262000,3390,44500,15000,32500,79000,174000,56600,55600,,165000,3110,115999,40000,16200,102000,23100,,7090,21300,124000,169000,810,22500,42400,6000,61300,21500,92000,29700,374000,70300,112000,3030,86000,89200,184000,39500,190000,57000,79000,23750,86,43000,50100,44400,189000,31500,46000,260000,9500,3830,22010,6350,142000,138000,56000,438000,101000,514000,187000,190000,60000,148000,69100,333000,1273,668000,15200,120,23210,37500,10480,12510,4280,7510,300000,125000,20000,,111000,39150,281,156000,181000
May-08,64500,51600,83600,56000,74100,275000,327000,373000,169000,33450,40250,34000,300000,32,62000,176000,576,87100,11680,428000,105000,60100,776000,61000,32850,61000,33800,27700,22500,226000,37100,94100,55500,88500,710,32400,158499,113000,20500,93000,145000,330000,3055,123000,29470,48500,6240,10300,24410,945,136000,82500,66700,100000,101000,,401,,91800,25810,138000,62000,35900,35400,36700,157000,89600,78900,129000,157000,64000,55,73000,439000,54500,69900,183000,166000,85000,68900,11140,18000,320000,136000,8000,209,344,97500,112666,76800,109000,63500,44100,52800,59300,285000,4100,52100,29800,39900,82100,236000,68100,55100,,205000,3600,184333,44000,23900,127000,29420,,7200,24100,143000,204000,880,22480,53400,9710,61100,28000,107000,31250,432000,81500,167000,4260,131000,123000,171000,42950,215000,61100,78000,27550,86,53600,50000,45100,277000,40900,50000,320000,12100,4600,23200,8100,163000,158500,63500,568000,110000,791000,234000,229000,69700,179000,77700,351000,1483,795000,16960,132,28990,41350,11940,13010,6450,7000,198000,138000,25000,,140000,52700,310,159000,186000
Apr-08,45600,53600,94900,59600,73400,294000,307000,438000,141000,33150,41150,39300,281000,39,57600,131000,583,74400,10300,381000,39100,44650,623000,61200,30450,50900,36300,26530,18310,182000,31350,78500,62500,97500,660,30050,76166,102000,27000,109000,129000,340000,2920,124000,33400,42550,3770,9090,13150,810,142000,73000,63500,79200,114000,,393,,70500,20060,116000,59000,34100,34050,35100,122000,88700,78200,128000,157000,50500,52,58400,374000,48600,71200,196000,148000,68100,55900,10300,16000,293000,128000,9090,224,251,86500,122999,76500,117000,64900,43600,47900,77800,252000,4100,48000,16180,40000,75400,132000,70400,50000,,201000,3590,122666,39250,22510,143000,29400,,9000,17900,125000,226000,790,21380,52900,14170,59000,31000,98000,29130,418000,74200,189000,4160,73900,124000,182000,41300,201000,56000,66800,26100,90,40100,47050,49350,215000,44350,50800,284000,15000,1216,23430,7600,181000,129000,60200,,124000,619000,242000,270000,63400,165000,78300,335000,1509,850000,14880,135,28000,37550,10330,14100,3900,4940,196000,66100,31550,,121000,74000,397,161000,166000
Mar-08,46000,73300,93400,53500,116000,353000,251000,537000,137000,33550,40050,31500,285000,35,60000,149000,604,73400,5020,473000,44250,45100,661000,64100,30700,49150,33800,22200,19400,152000,35050,81800,63000,85000,715,31500,54999,93000,27110,99000,153000,313000,2810,112000,39200,41500,3640,6060,11020,838,132000,76000,60700,88000,92000,,420,,71400,20000,117000,55000,44400,32400,32800,138000,92400,105000,113000,112000,45500,51,55600,359000,48650,71400,204000,165000,71000,55000,10650,15180,275000,117000,7790,229,240,81500,116999,70500,104000,72000,37150,48500,86700,251000,3600,48500,13990,38000,76000,87000,75600,33600,,194000,3250,101333,39300,22500,140000,30000,,7650,17250,143000,215000,620,24100,46400,13360,57300,28510,99500,27450,424000,78200,110000,4010,63800,168000,162000,36300,223000,52700,62000,28200,85,38150,46700,50000,213000,51400,43000,282000,10810,1195,21600,7500,173000,143500,63000,,110000,435000,301000,226000,61400,151000,81700,336000,1529,1020000,12200,111,24550,40000,10390,8900,3500,4500,192000,77000,19750,,100000,74100,390,157000,107000
Feb-08,59000,97100,122000,71300,157000,380000,,476000,169000,35800,48400,36750,299000,34,56000,161000,561,93500,15240,461000,71000,49500,854000,94000,38000,63100,30000,29600,24900,190000,37000,104000,89700,96500,715,30750,,118000,36550,95000,185000,320000,2630,139000,37650,42000,3920,8280,60100,860,135000,102000,78000,98500,96000,,571,,90000,27510,134000,62000,50000,31100,39200,127000,119000,163000,134000,136000,49000,63,62000,,52900,100000,198000,167000,84000,59600,10890,14200,257000,123000,13550,230,260,86100,111666,92000,103000,77000,46800,49000,116000,268000,4110,49550,20500,52900,82900,88100,73500,35900,,246000,4330,104999,49300,24700,155000,32500,,7500,22000,142000,192000,830,,49600,16040,59500,30100,102000,30600,471000,79500,202000,6020,,260000,144000,46400,153000,58000,98000,33050,100,41500,54000,51500,,63800,49300,252000,19500,1320,30900,8340,190000,150000,63500,,121000,309000,270000,191000,70100,179000,90200,322000,1503,1240000,19200,130,26400,44500,11850,8930,4540,5720,198000,82000,20600,,162000,98000,419,172000,123000
Jan-08,57000,96600,97300,80300,129000,356000,,422000,100000,32200,37200,29400,327000,38,32950,152000,480,75200,17340,537000,132000,43400,811000,94000,39250,65500,25960,30150,24100,214000,45500,74000,78000,83200,725,34300,,112000,14960,82100,164000,359000,1835,165000,50000,38500,4920,18010,48050,824,143000,106500,86000,100000,97800,,600,,103000,26000,132000,82100,46500,34300,43900,84600,90800,120000,122000,109000,48400,69,59900,,58200,82500,140000,158000,78100,66000,10290,17000,212000,106000,14920,227,277,88500,114333,128000,100000,117000,53800,41500,120000,259000,3330,49350,27700,62000,82500,82100,79200,37600,,342000,5000,,33100,29000,142000,37000,,6150,23650,138000,181000,1105,,49000,14230,61500,35950,98500,29600,275000,61000,260000,6520,,147000,146000,50000,153000,65500,102000,31000,97,55100,54400,61200,,52000,55000,215000,9360,1238,30150,10550,127000,155000,62000,,128000,318000,242000,150000,77800,186000,73300,255000,1433,1200000,18640,126,28300,40550,11400,8180,4250,6690,146000,91500,18000,,153000,88000,438,181000,173000
Dec-07,93000,125000,125000,80700,143000,510000,,342000,138000,31450,47350,41500,337000,36,60000,210000,612,89000,24490,620000,199000,54000,1130000,117000,45100,88700,34500,43500,31800,287000,52500,95100,95000,114000,1020,38900,,137000,20500,112000,206000,379000,1625,184000,56900,50000,6800,36850,39500,784,130000,126500,97000,113000,99400,,667,,146000,31000,177000,103000,54900,30300,47000,88000,107000,78800,144000,160000,55100,81,77000,,61000,98500,201000,194000,95300,68000,11800,18000,250000,124000,24200,256,300,88000,77333,152000,105000,147000,70500,55600,155000,247000,3750,68500,38500,88800,81000,62100,87300,45300,,420000,8940,,46150,41000,179000,44000,,7450,28100,139000,248000,1360,,60800,16580,70000,45400,149000,36500,246000,92600,365000,9870,,147000,205000,63500,194000,60900,105000,44600,119,74000,59500,69200,,60500,59500,311000,19360,1544,37500,12710,184000,177500,85000,,140000,359000,320000,186000,90600,242000,94100,260000,1499,1520000,27100,120,38600,50800,11310,8650,5900,8930,188000,264000,25500,,195000,105000,456,184000,220000
Nov-07,99500,141000,138000,64000,217000,445000,,352000,134000,38500,53000,49200,369000,43,62900,306000,637,78300,32100,650000,195000,53300,545000,114000,54500,108000,40600,64000,31000,282000,57100,142000,77200,123000,1025,42400,,143000,26200,136000,249000,443000,1870,195000,58000,42500,7490,46600,45250,783,161000,94500,102000,118000,113000,,709,,156000,38200,172000,100000,72100,29990,49550,84800,126000,53000,169000,186000,60800,120,88500,,69500,105000,227000,197000,92000,76100,13800,23000,268000,132000,25480,292,337,86000,,160000,117000,152000,85500,60100,205000,320000,3990,83600,53000,95100,88500,65400,98800,51600,,539000,11210,,46250,44800,187000,47100,,8100,30200,141000,291000,,,72000,18810,70400,31050,165000,36800,239000,113000,456000,9960,,62900,122000,70000,233000,66700,142000,56300,127,80500,61400,86000,,69800,57900,280000,22470,2055,39750,14300,214000,151000,86300,,142000,398000,366000,242000,93500,265000,103000,206000,1339,1920000,28000,125,45900,43600,12500,9250,7200,10100,200000,309000,24420,,209000,118000,527,177000,186000
Oct-07,137500,176000,170000,78600,251000,546000,,356000,142000,47450,60900,64600,380000,48,89800,165000,586,84800,38200,639000,308000,95000,381000,128000,71000,170000,47900,88000,41500,334000,69800,182000,70000,159000,1240,50700,,146000,36550,174000,213000,525000,2015,230000,59800,55800,7530,56500,64100,719,162000,194500,112000,121000,123000,,700,,195000,46150,163000,115000,83000,31750,59000,78700,155000,97000,192000,194000,58500,141,131000,,82500,106000,258000,237000,113000,86800,16300,28400,292000,146000,31500,299,393,92800,,178000,131000,162000,110000,71500,222000,345000,4330,114000,68600,110000,110000,74600,101000,58000,,689000,16450,,56300,48000,228000,50400,,9310,39250,164000,319000,,,89000,20990,76000,33200,175000,40300,254000,126000,498000,10330,,80000,137000,74500,301000,75100,152000,69800,150,95000,71400,112000,,79800,64100,308000,38350,2220,42050,11610,247000,87500,146000,,164000,409999,294000,298000,95000,317000,124000,225000,1383,1710000,31200,161,48000,56100,13520,12900,8400,12970,202000,346000,38750,,297000,148000,565,179000,225000
Sep-07,,104000,120000,77300,189000,380000,,239000,135000,38850,58800,55700,370000,50,71500,116000,392,82000,29800,555000,274000,86900,357000,114000,60900,97100,40100,92800,35500,314000,58300,142000,48300,134000,1275,44500,,143000,23690,186000,102000,476000,1525,182000,40850,56500,8680,50900,61000,690,58600,159000,101000,125000,130000,,659,,149000,56800,141000,115000,51500,30000,53700,49700,108000,80000,153000,193000,59000,70,100000,,53500,100000,270000,193000,71000,78000,15500,26800,310000,136000,32800,280,414,69400,,177000,124000,177000,88200,59900,209000,296000,6210,81100,,104000,86900,69000,99600,42350,,414000,11770,,51600,49600,144000,51600,,9310,32900,133000,280000,,,64800,21200,73600,32800,173000,38500,229000,104000,485000,6700,,61500,107000,57500,205000,56000,107000,30700,143,81000,66600,55000,,81500,51000,157000,35300,2220,39000,10000,245000,54000,50800,,127000,356666,192200,205000,90200,278000,100000,220500,1319,1000000,32600,104,31900,43750,13930,14630,9000,13170,188000,270000,38050,,220000,123000,560,180000,228000
Aug-07,,112000,120000,79500,169000,277000,,253000,105000,38300,59700,63700,372000,57,88000,141000,361,95700,26330,586000,393000,87100,356000,127000,71900,119000,42250,94000,59400,363000,66500,123000,48200,128000,1215,45450,,193000,20670,277000,105000,444000,1457,199000,49500,59700,8770,49600,70100,675,61400,191500,94300,124000,127000,,689,,167000,49050,144000,117000,61500,29310,52700,52300,116000,74100,147000,222000,67100,86,104000,,61500,96500,286000,204000,85100,93900,17950,20000,330000,134500,35600,328,410,69000,,180000,118000,175000,80800,66500,192000,305000,6145,105000,,114999,94000,76000,100000,52800,,370000,17150,,49200,48550,142000,56500,,11380,27160,134000,286000,,,81000,21450,81300,47000,175000,39400,221000,117000,454000,9470,,59900,111000,63500,231000,50600,103000,35750,173,82900,67000,64000,,80900,62800,196000,34500,3080,39350,10000,227500,64000,59200,,139000,353333,123400,197000,91000,450000,95000,234000,1303,890000,31800,127,32000,40800,13000,20960,9810,13990,193000,,40000,,222000,80000,610,183000,231000
Jul-07,,138000,134500,91500,175000,332000,,412000,112000,40000,66500,77500,399000,61,136000,141000,740,98000,33300,664000,428000,107000,405000,154000,87600,144000,82700,180000,89200,397000,76800,99300,63500,142000,1125,56700,,295000,35600,309000,104000,451000,1381,280000,60500,66800,10030,61600,76700,886,70000,258500,108000,133000,135000,,722,,187000,58000,194000,130000,71900,30750,62000,68700,138000,90700,176000,392000,76800,,126000,,86800,120000,313000,225000,131000,130000,26780,32900,334000,140500,48500,313,438,65500,,207000,127000,196000,124000,65000,224000,374000,8625,144000,,,110000,115000,119000,58900,,590000,17710,,59500,49900,207000,57200,,15800,35800,185000,428000,,,110000,29100,99600,64000,200000,43750,240000,130000,544000,13990,,65500,148000,75000,255000,62500,142000,49900,170,120000,71000,80000,,99300,81000,246000,64400,3320,45400,10890,353000,87000,72700,,188000,383333,,297000,101000,562000,133000,221500,1333,828000,33050,154,42500,55000,13480,23970,10400,16180,221000,,49900,,279000,90000,745,194000,281000
Jun-07,,154000,168500,104000,221000,373000,,488000,111000,45700,60900,100000,436000,49,164000,175000,728,105000,38450,650000,522000,126000,433000,191000,97800,169000,97500,209000,144000,346000,99100,99800,77100,150000,1300,60200,,299000,38150,299000,154000,622000,,347000,58100,61000,10710,79900,88500,862,70500,366000,137000,142000,137000,,682,,213000,56800,239000,118000,81600,31050,64700,80400,154000,112000,234000,526000,79100,,135000,,96000,122000,320000,237000,142000,143000,24270,38050,348000,150500,56200,339,490,66000,,205000,117000,205000,104000,68000,217000,379000,8340,209000,,,111000,124000,125000,51600,,795000,17700,,61600,51000,240000,57100,,17130,35000,192000,536000,,,133000,31150,102000,68000,192000,43250,246000,135000,581000,14700,,83000,163000,73500,326000,67600,186000,74400,218,130000,69700,91500,,80800,90000,319000,64000,3350,45350,11500,361000,90000,74600,,201000,406666,,305000,111000,610000,141000,234000,1449,906000,36550,153,64600,53500,14450,25600,10500,22270,298000,,53200,,366000,113000,805,186000,331000
May-07,,148000,161500,87000,227000,444000,,386000,77000,39350,55600,67000,419000,43,142000,131000,736,97100,39450,634000,464000,112000,445000,146000,70800,162000,73200,203000,,365000,108000,100000,84500,147000,1350,52500,,318000,39000,290000,156000,,,343000,53100,38300,10580,73400,90000,815,59900,,115000,140000,137000,,666,,225000,56000,243000,119000,78000,29950,57900,77600,160000,82000,229000,549000,77000,,122000,,89900,132000,312000,241000,134000,160000,15910,51000,375000,137000,56300,218,470,61100,,195000,129000,212000,69000,61000,201000,404000,4225,190000,,,102000,126000,91500,51200,,741000,23160,,59500,50500,209000,55000,,17700,25700,187000,418000,,,115000,33650,102000,73800,195000,43600,230000,134000,504000,16900,,55100,156000,78000,337000,68000,163000,76500,107,127000,67500,88800,,68500,99000,296000,66000,2880,43800,10090,376500,86500,79000,,204000,296666,,327000,125000,552000,140000,207500,1383,805000,39700,151,59100,44750,12450,27500,9900,,220000,,51000,,388000,135000,764,180000,303000
Apr-07,,130000,300500,90000,194000,442000,,349000,88100,38000,46450,93000,415000,40,150000,266000,774,92500,40300,592000,440000,83100,365000,177000,53500,173000,121000,214000,,345000,100000,97600,113000,142000,1540,53500,,270000,36500,295000,232000,,,346000,52100,50600,10170,80000,72500,879,69000,,149000,151000,151000,,776,,298000,50600,240000,112000,79700,30100,59000,86200,150000,92200,232000,608000,75900,,112000,,107000,151000,346000,262000,152000,175000,15000,57500,325000,139000,71200,187,565,60000,,229000,104000,214000,92000,70100,182000,430000,,206000,,,128000,165000,101000,60500,,676000,17300,,66700,50700,239000,50200,,20100,30600,221000,525000,,,130000,39300,105000,60500,200000,45900,266000,134000,399000,13500,,56200,165000,87000,364000,71200,166000,79100,111,152000,76000,128000,,69000,100000,412000,90000,3150,55700,10030,315000,109000,79000,,198000,181666,,268000,139000,413000,121000,226000,1496,835000,40050,155,61800,48950,11090,23400,11000,,290000,,62100,,538000,133000,899,182000,332000
Mar-07,,166000,,108000,252000,528000,,489000,101000,49300,50700,62300,515000,54,183000,385000,967,96900,42300,603000,645000,123000,452000,199000,75500,174000,148000,237000,,418000,120000,101000,119000,114000,1640,74400,,314000,41600,288000,271000,,,377000,53000,79500,11440,84400,78500,974,75400,,176000,163000,148000,,826,,,63800,289000,135000,138000,38400,59000,103000,236000,129000,251000,607000,88200,,141000,,123000,172000,354000,289000,183000,174000,19780,64500,375000,142500,73900,184,605,81000,,246000,127000,225000,108000,83900,200000,423000,,208000,,,134000,192000,117000,68800,,1070000,19090,,83400,78000,324000,59800,,22040,40450,230000,787000,,,214000,41300,107000,76400,228000,47500,292000,150000,424000,15090,,87700,190000,94000,407000,106000,173000,95900,132,201000,103000,132000,,85500,115000,470000,99700,4430,64200,11400,328000,119500,122000,,236000,156999,,340000,147000,410000,153000,236500,1643,970000,57500,190,107000,67800,14400,26600,14200,,325000,,63000,,602000,145000,995,189000,374000
Feb-07,,185000,,125000,294000,580000,,245000,123000,53400,58500,75500,560000,71,240000,473000,1014,107000,39800,752000,,141000,520000,212000,96900,222500,175000,228000,,436000,144000,109000,127000,140000,,83000,,393000,59100,254000,247666,,,347000,55400,117000,11800,82200,94600,1020,101000,,224000,172000,145000,,892,,,65700,310000,148000,177000,41500,65500,112000,236000,148000,298000,725000,90000,,173000,,154000,214000,350000,283000,188000,249000,25280,75000,440000,161500,72700,200,595,96700,,253000,126000,242000,144000,97000,210000,455000,,264000,,,147000,216000,140000,75100,,1160000,28190,,85000,90000,405000,57000,,25890,51900,293000,1020000,,,236000,45000,131000,102000,214000,49400,257000,164000,503000,18590,,125000,205000,107000,427000,102000,213000,113000,160,224000,112000,141000,,92400,118000,505000,100000,5120,65700,11400,311500,128500,129000,,242000,,,384000,160000,440000,164000,260000,1659,1025000,39450,202,124000,95900,14750,34550,17950,,371000,,88200,,612000,191000,1019,194000,420000
Jan-07,,199000,,133000,333000,591000,,224000,124000,59400,57700,129000,588000,74,265000,574000,1106,88200,40850,765000,,169000,545000,269000,101000,260000,205000,305000,,417000,141000,116000,144000,169000,,86300,,400000,66700,305000,289999,,,387000,60400,131000,12180,74700,100000,1086,104000,,247000,174000,143000,,912,,,71100,465000,147000,190000,40700,83800,139000,276000,172000,320000,622000,89500,,184000,,167000,227000,388000,389000,202000,276000,29650,86000,421000,171500,66200,209,621,115000,,,128000,268000,157000,103000,197000,480000,,273000,,,151000,226000,138000,75000,,1530000,32900,,96500,93500,427000,66800,,26400,53400,310000,1640000,,,325000,39500,116000,110000,224000,52000,247000,164000,483000,19500,,157000,211000,104500,617000,117000,217000,171000,152,272000,120000,147000,,108000,124000,531000,122000,5450,67500,13000,302500,126000,153000,,254000,,,398000,161000,541000,175000,293500,1716,1135000,38900,205,141000,97700,11800,43700,18040,,412000,,94700,,835000,203000,1310,219000,416000
Dec-06,,219000,,127000,287000,549000,,201000,103000,58000,49450,209000,510000,76,207000,656000,1122,76200,39150,609000,,199000,496000,224000,97000,308500,179000,338000,,370000,143000,99500,150000,158000,,85100,,431000,63800,294000,294999,,,346000,63600,112000,11500,68700,99300,1135,111000,,234000,167000,142000,,908,,,65600,470000,129000,191000,41000,49150,128000,265000,146000,357000,598000,80100,,159000,,162000,291000,391000,524000,240000,252000,28400,100000,309000,169500,67700,187,578,112000,,,130000,198000,165000,95100,230000,477000,,272000,,,155000,204000,128000,77200,,1520000,32350,,83300,96300,419000,84600,,23500,52600,300000,1840000,,,294000,32350,117000,102000,209000,45800,250000,140000,436000,20480,,140000,193000,93500,1230000,119000,224000,192000,139,224000,103000,149000,,101000,125000,520000,101000,6000,65000,12010,239000,109000,129000,,233000,,,397000,212000,595000,156000,350000,1693,1060000,26000,198,132000,94000,10040,40100,16900,,358000,,80000,,1130000,159000,1500,200000,338000
Nov-06,,245000,,135000,313000,775000,,181000,99500,64500,52300,244000,449000,81,242000,814000,1160,71800,36100,546000,,233000,495000,210000,154000,219000,207000,,,399000,175000,87900,130000,144000,,95000,,380000,70300,319000,186666,,,311000,63200,131000,12700,65700,108000,936,122000,,,175000,152000,,1038,,,66700,,154000,190000,47450,53500,147000,237000,142000,436000,628000,84700,,180000,,157000,314000,379000,,194000,257000,30200,,371000,154000,46200,217,500,124000,,,135000,185000,177000,112000,252000,464000,,304000,,,146000,251000,141000,67800,,1260000,31850,,100000,90400,445000,,,20890,60700,345000,1790000,,,332000,33600,104000,122000,205000,50000,220000,151000,386000,27800,,128000,212000,88499,,131000,238000,148000,138,266000,110000,135000,,105000,146000,669000,103000,4980,78500,12960,202000,123000,133000,,245000,,,403500,210000,771000,161000,,1896,975000,22225,223,114000,105000,12230,42900,19090,,363000,,117000,,,390000,884,182000,320000
Oct-06,,269000,,168000,324000,779000,,222000,108000,82100,59300,270000,428000,105,305000,807000,1055,73000,42800,493000,,257000,495000,224000,168000,276500,256000,,,384000,170000,90500,159000,138000,,101000,,380000,109000,413000,194999,,,364000,65400,141000,12810,68500,122000,912,112000,,,171000,160000,,1000,,,87100,,180000,177000,56000,65500,152000,279000,259000,454000,610000,85400,,187000,,168000,,368000,,212000,296000,31300,,420000,150500,45050,277,466,170000,,,140000,182000,167000,118000,198000,465000,,316000,,,152000,266000,134000,68800,,1150000,41200,,108000,97900,536000,,,24950,67100,360000,1830000,,,382000,40100,105000,136000,223000,53000,225000,157000,327000,28100,,159000,205000,87499,,152000,262000,164500,137,371000,126000,135000,,124000,168000,570000,106000,6580,78000,13500,233000,150000,204000,,252000,,,405000,248000,,167000,,2049,1235000,22975,217,133000,100000,14020,46200,20500,,440000,,136000,,,407000,889,182000,301000
Sep-06,,255000,,175000,320000,840000,,,120000,95000,61700,304000,383000,123,303000,720000,1095,75100,36250,443000,,288000,490000,260000,164000,317500,295000,,,358000,167000,101000,187000,147000,,94200,,350000,133000,407000,231999,,,424000,65500,158000,13650,68600,123000,1067,93600,,,167000,151000,,1520,,,99000,,186000,244000,61500,69200,153000,284000,283000,485000,615000,98000,,214000,,180000,,417000,,184000,306000,35300,,522000,155500,54600,296,505,187000,,,140000,177000,147000,123000,213000,486000,,358000,,,182000,326000,171000,102000,,807000,52300,,113000,104000,552000,,,26900,67000,347000,1840000,,,380000,41300,108000,145000,201000,50800,210000,173000,268000,33400,,167000,208000,,,170000,288000,171000,145,416000,127000,153500,,144000,187000,844000,101000,6720,95500,14500,241250,170500,229000,,268000,,,400000,294000,,175000,,2199,1415000,22625,229,144000,92000,14540,52400,22780,,735000,,125000,,,450000,890,176000,236000
Aug-06,,289000,,187000,350000,787000,,,120000,100000,69100,394000,412000,136,358000,777000,1160,78800,35850,499000,,302000,550000,296000,179000,,305000,,,398000,218000,117000,243000,165000,,112000,,395000,155000,382000,399999,,,408000,67600,166000,14000,72900,159000,,113000,,,182000,149000,,1699,,,92000,,185000,270000,69500,85400,183000,423000,329000,552000,678000,108000,,258000,,185000,,400000,,195000,355000,39950,,631000,166500,58500,352,530,233000,,,147000,185000,173000,145000,219000,477000,,355000,,,200000,409000,199000,107000,,1380000,74400,,123000,121000,627000,,,32600,79000,393000,2100000,,,463000,48800,117000,248000,199000,69000,213000,194000,294666,43000,,180000,292000,,,185000,313000,201500,175,535000,133000,186000,,159000,208000,908000,108000,8110,97000,14610,239750,182500,260000,,282000,,,421000,,,198000,,2329,,23000,227,,81500,16520,59600,19700,,1190000,,136000,,,475000,990,178000,244000
Jul-06,,215000,,157000,285000,661000,,,119000,84100,70800,422000,360000,80,394000,799000,1131,70500,29570,502000,,251000,460000,300000,172000,,318000,,,,152000,91500,227000,178000,,82300,,398000,143000,334000,,,,399000,64700,134000,12950,68300,159000,,118000,,,171000,139000,,1432,,,80000,,140000,220000,60500,77700,135000,431000,281000,564000,606000,126000,,234000,,166000,,370000,,215000,300000,45250,,676000,161500,59000,486,530,166000,,,139000,188000,174000,151000,220000,481000,,303000,,,209000,400000,211000,99100,,1320000,79800,,65000,126000,549000,,,30700,88000,327000,3260000,,,425000,37200,99900,223000,194000,71000,194000,184000,212666,30500,,164000,280000,,,166000,267000,212000,151,538000,114000,175500,,81500,170000,1030000,92000,8110,79500,15400,230750,190500,224000,,285000,,,405000,,,179000,,1756,,24600,224,,61600,14600,59400,18110,,1140000,,89900,,,413000,1110,168000,205000
Jun-06,,333000,,180000,449000,820000,,,141000,121000,92600,568000,363000,135,502000,904000,1315,81000,36600,537000,,331000,575000,452000,180000,,306000,,,,187000,111000,305000,214000,,123000,,478000,188000,522000,,,,520000,65700,180000,15900,80400,161000,,156000,,,204000,162000,,1880,,,99600,,175000,263000,75800,114000,177000,,210000,500000,768000,139000,,295000,,183000,,420000,,208000,320000,61700,,739000,190000,76500,608,559,225000,,,168000,186000,221000,157000,280000,578000,,240000,,,203000,586000,242000,161000,,1670000,98600,,132000,140000,785000,,,34300,102000,415000,3050000,,,561000,54300,104500,249000,278000,82000,200000,263000,302999,49300,,248000,600000,,,207000,300000,,195,761000,153000,167500,,126000,241000,1560000,107200,11380,95500,18800,255000,254500,291000,,298000,,,430000,,,230000,,2196,,23875,265,,88600,20400,70900,23000,,1580000,,85600,,,499000,1365,202000,242000
May-06,,318000,,192000,365000,851000,,,140000,115000,83200,,405000,140,408000,661000,1466,67900,30400,629000,,345000,560000,,159000,,278000,,,,192000,122000,320000,186000,,103000,,478000,190000,,,,,420000,56400,189000,13120,74500,137000,,144000,,,195000,168000,,1960,,,97700,,168000,269000,77000,105000,201000,,209000,417000,754000,134000,,226000,,182000,,415000,,201000,400000,64000,,771000,143000,84700,540,499,186000,,,157000,123000,213000,146000,165000,400000,,240000,,,198000,493332,213000,138000,,1390000,67300,,106000,108000,727000,,,29500,57000,384000,1860000,,,557000,54900,114000,253000,291000,75000,195000,258000,,45050,,208000,465000,,,196000,347000,,180,677000,153000,,,160000,,1570000,111600,11290,93500,18750,231250,237500,283000,,312000,,,420000,,,170000,,2249,,22525,300,,99000,20150,66600,23300,,1350000,,85000,,,518000,1421,209000,235000
Apr-06,,413000,,244000,519000,1020000,,,184000,152000,116000,,462000,179,624000,870000,1860,92800,36600,637000,,449000,825000,,213000,,383000,,,,231000,182000,426000,261000,,151000,,509000,193000,,,,,645000,54700,214000,20840,85000,160000,,170000,,,288000,210000,,2700,,,133000,,225000,369000,92800,140000,236000,,281000,671000,860000,161000,,350000,,241000,,513000,,239000,449000,91200,,980000,162000,104000,571,615,270000,,,178000,195000,316000,194000,390000,283000,,284000,,,253000,749999,227000,172000,,1750000,114000,,159000,165000,1220000,,,38050,71000,500000,2530000,,,719000,78500,124500,337000,295000,101000,214000,303000,,77400,,380000,862000,,,296000,398000,,215,1220000,242000,,,176000,,1450000,141000,15470,115000,21100,240000,347500,420000,,440000,,,415000,,,239000,,2373,,28650,440,,129000,26050,73300,31500,,2060000,,84000,,,732000,1525,242000,281000
Mar-06,,498000,,195000,573000,1040000,,,201000,165000,130000,,494000,206,744000,1170000,1931,106000,44200,747000,,510000,915000,,221000,,415000,,,,304000,214000,558000,246000,,180000,,590000,289000,,,,,968000,66000,301000,22000,90000,227000,,187000,,,328000,212000,,2930,,,147000,,253000,615000,101000,164000,286000,,302000,746000,999000,186000,,418500,,247000,,536000,,244000,447000,106000,,1060000,139500,77500,610,630,316000,,,190000,242000,344000,207000,360000,324000,,224000,,,219000,929999,280000,152000,,2520000,92800,,174000,198000,1550000,,,44500,77000,585000,3950000,,,832000,81700,134000,354000,281000,95000,221000,342000,,100000,,437000,994000,,,347000,356000,,235,1550000,262000,,,216000,,1620000,155800,21800,121000,21950,265000,386500,549000,,292000,,,418500,,,269000,,2466,,33700,510,,163000,30200,83300,32400,,,,107000,,,765000,1710,260000,265000
Feb-06,,452000,,203000,525000,926000,,,197000,162000,136000,,515000,196,740000,950000,2150,99700,40200,732000,,653000,855000,,207000,,393332,,,,300000,214000,539000,275000,,168000,,694000,228000,,,,,,73600,418000,20090,72250,218000,,163000,,,340000,191000,,4000,,,159000,,260000,474000,98000,150000,234000,,235000,843000,1020000,177000,,437500,,237000,,448000,,242000,383333,98000,,1020000,116500,67800,694,600,349000,,,153000,224000,342000,194000,335000,296000,,220000,,,223000,933332,229000,139000,,1620000,75100,,172000,153000,1280000,,,50000,75000,579000,4040000,,,669999,78000,146500,410000,231000,95000,226000,316000,,112000,,405000,831000,,,399000,326000,,200,,283000,,,180000,,1510000,125000,20900,124000,21700,200250,398500,437000,,270000,,,402500,,,207000,,2303,,30300,475,,139000,27300,77000,29690,,,,109000,,,831000,1609,246000,256000
Jan-06,,671000,,250000,480000,926665,,,228000,166000,156000,,546000,240,1010000,1210000,2585,121000,42000,835000,,,920000,,268000,,396666,,,,430000,280000,690000,289000,,193000,,873000,349000,,,,,,102000,527000,26510,78500,252000,,201000,,,373000,217000,,5365,,,207000,,306000,648000,118000,198000,248000,,307000,860000,1360000,204000,,520000,,288000,,602000,,284000,443332,119000,,1200000,141000,77000,619,621,404000,,,185300,271000,409000,260000,364000,380000,,298000,,,268000,989999,282000,182000,,2000000,103000,,167000,193000,1630000,,,58100,92000,742000,,,,673332,89500,168500,500000,271000,121000,259000,372000,,131000,,516000,1030000,,,,336000,,233,,327000,,,267000,,1740000,163000,23950,162500,26590,233250,505000,656000,,295000,,,418500,,,325000,,2476,,34250,612,,179000,30900,90300,30600,,,,150000,,,907000,1770,310000,259000
Dec-05,,699000,,300000,645000,1009999,,,222000,159000,173000,,548000,250,1100000,1460000,2630,119000,40200,834000,,,1080000,,229000,,436666,,,,367000,376000,835000,427000,,213000,,,310000,,,,,,123000,709000,30250,80000,273000,,220000,,,250000,246000,,4875,,,222000,,345000,874000,98700,223000,268000,,361000,1095000,1510000,205000,,790000,,345000,,394000,,278000,569999,125000,,1090000,153500,68600,620,493,698000,,,199400,274000,453000,266000,434000,423000,,304000,,,282000,846665,344000,192000,,2150000,113000,,205000,234000,1590000,,,57100,144000,826000,,,,949999,83500,164500,500000,367000,119000,255000,403000,,281000,,518000,1520000,,,,332000,,260,,395000,,,335000,,1640000,185600,29800,189500,26500,257500,910000,598000,,363000,,,411500,,,227000,,2779,,36800,753,,195000,35650,93600,36600,,,,156000,,,995000,1790,308000,262000
Nov-05,,520000,,252000,285000,783332,,,185000,168000,181000,,501000,208,738000,932000,2240,106000,19400,788000,,,1030000,,160000,,330999,,,,311000,257000,480000,,,210000,,,215000,,,,,,119333,644000,23950,67250,218000,,206000,,,229000,238000,,3880,,,236000,,299000,673000,85500,212000,200000,,256000,,1460000,200000,,,,331000,,386000,,264000,,115000,,1050000,132500,66400,509,520,,,,172100,273000,393000,266000,526000,430000,,303000,,,277000,486666,322000,199000,,,124000,,161000,256500,,,,60800,103000,667000,,,,343333,65500,163000,324000,286000,119000,221000,294000,,266000,,455000,,,,,240000,,299,,,,,299000,,1140000,123800,14550,141000,24800,227000,,438000,,390000,,,296666,,,170500,,2576,,32950,613,,183000,30000,88200,35650,,,,144000,,,735000,1672,296000,259000
Oct-05,,415000,,242000,,756665,,,175000,144000,213000,,496000,225,783000,855000,2295,98700,18000,758000,,,1025000,,124000,,236999,,,,314000,262000,445000,,,194000,,,198000,,,,,,102666,637000,27900,64750,232000,,233000,,,232000,223000,,2925,,,229000,,280000,732000,96500,239000,208000,,309000,,1450000,193000,,,,335000,,336000,,318000,,110000,,1030000,136500,71900,517,522,,,,209000,277000,391000,279000,570000,446000,,325000,,,372000,,262000,180000,,,147000,,160000,309000,,,,68100,112000,724000,,,,,54000,163000,319000,270999,138000,226000,302000,,199000,,429000,,,,,253000,,285,,,,,403000,,919000,88800,13500,151000,24800,230000,,402000,,359000,,,331666,,,171250,,2756,,35850,619,,166000,36750,91900,35900,,,,142000,,,763000,1600,293000,251000
Sep-05,,202000,,274000,,759999,,,233000,140000,188000,,482000,231,723000,1020000,2275,102000,13680,652000,,,1070000,,125000,,207333,,,,322000,170000,,,,198000,,,198000,,,,,,91333,399000,30400,51000,235000,,240000,,,230000,192000,,2150,,,216000,,288000,538000,87700,218000,207000,,,,1630000,203000,,,,361000,,367000,,350000,,115000,,1190000,133500,71500,541,510,,,,209000,264000,393000,289000,562000,467000,,319000,,,425000,,296000,180000,,,123000,,165000,249000,,,,56000,102000,681000,,,,,43650,161500,344000,274999,118000,233000,322000,,227000,,387000,,,,,204000,,295,,,,,414000,,638000,75999,13400,167500,25000,192500,,404000,,253000,,,303333,,,143000,,2819,,31650,617,,163000,36000,103000,40500,,,,139000,,,795000,1645,340000,363000
Aug-05,,163000,,,,839999,,,262000,140000,162000,,622000,268,847000,874000,2200,108000,11920,617000,,,1190000,,139000,,205333,,,,322000,168000,,,,246000,,,202000,,,,,,82333,460000,31800,59750,233000,,259000,,,235000,209500,,,,,216000,,326000,436000,111000,198000,207500,,,,1710000,206000,,,,401000,,468000,,389000,,136000,,1450000,169000,96666,626,550,,,,179000,341000,409000,269000,560000,492000,,334000,,,379000,,359000,260000,,,124000,,219000,122000,,,,61400,94000,850000,,,,,45000,163500,423000,,140000,223000,347000,,244000,,497000,,,,,226000,,265,,,,,510000,,450000,89999,14270,209000,27500,193750,,410000,,410000,,,316666,,,148750,,3306,,36100,727,,227000,39050,105000,43000,,,,154000,,,915000,2030,372000,391000
Jul-05,,157000,,,,756665,,,290000,145000,165000,,648000,228,994000,706666,2300,114000,13140,646000,,,1255000,,154000,,207999,,,,335000,189000,,,,203000,,,206000,,,,,,87666,561000,34800,64750,246000,,262000,,,242000,208500,,,,,223000,,354000,498000,125000,200000,244500,,,,1640000,229000,,,,336000,,758000,,319000,,148000,,1520000,180000,102333,679,526,,,,168000,250000,420000,279000,561000,454000,,348000,,,183000,,221000,289000,,,111000,,144750,132000,,,,63900,105000,1010000,,,,,50250,163000,451000,,182000,229000,377000,,267000,,573000,,,,,280000,,270,,,,,558000,,424000,89999,13500,246500,28900,181250,,455000,,218000,,,308333,,,150500,,2733,,32500,,,262000,40650,109000,49100,,,,140000,,,925000,2225,406000,380000
Jun-05,,175000,,,,759999,,,305000,134000,153000,,616000,194,918000,663332,2355,125000,11840,612000,,,1210000,,153000,,194666,,,,350000,210000,,,,253000,,,221000,,,,,,91999,572000,32050,54500,271000,,292000,,,264000,253500,,,,,252000,,372000,489000,122000,191000,247500,,,,1510000,230000,,,,231000,,650000,,354000,,140000,,1540000,179000,92666,712,511,,,,155000,168000,409000,309000,528000,485000,,360000,,,186000,,237000,304000,,,121000,,148750,138500,,,,69500,111000,1180000,,,,,38000,168500,433000,,139000,217000,377000,,231000,,611000,,,,,260000,,250,,,,,498000,,448000,101333,14260,257000,28800,173750,,405000,,214000,,,328333,,,161250,,3079,,23400,,,272000,40700,107000,54400,,,,167000,,,945000,1886,421000,315000
May-05,,172000,,,,616666,,,305000,120000,137000,,662000,215,,613332,2255,115000,9300,605000,,,1190000,,159000,,185666,,,,338000,200000,,,,161000,,,173000,,,,,,97666,630000,31700,48750,276000,,267000,,,258000,,,,,,263000,,330000,529000,126000,180000,209500,,,,1500000,208000,,,,219000,,537000,,207000,,145000,,1540000,172000,96333,737,532,,,,133500,159000,385500,325000,494000,518000,,329000,,,185000,,226000,275000,,,111000,,170250,142000,,,,69000,106000,,,,,,34500,171500,430000,,95000,208000,357000,,287000,,567000,,,,,305000,,249,,,,,534000,,386000,,15000,195000,28500,165000,,406000,,200000,,,301666,,,128250,,3159,,22000,,,272000,39000,98800,62100,,,,145000,,,925000,1830,412000,318000
Apr-05,,187000,,,,863332,,,357500,135000,163000,,680000,205,,693332,1999,125000,8160,625000,,,1200000,,156000,,187333,,,,346000,202000,,,,85500,,,182000,,,,,,98666,670000,33100,53750,313000,,312000,,,260000,,,,,,136000,,372000,524000,156000,196000,212000,,,,1640000,231000,,,,214000,,640000,,218000,,159000,,1580000,180500,102666,894,550,,,,134700,172000,370500,353000,543000,484000,,384000,,,171000,,257000,308000,,,137000,,175000,182000,,,,78500,135000,,,,,,37000,176000,502000,,89000,232000,418000,,318000,,620000,,,,,344000,,268,,,,,582000,,247000,,16550,207000,28110,170000,,560000,,209000,,,358333,,,155500,,3699,,20500,,,245000,40000,116000,48700,,,,125000,,,1280000,2160,462000,353000
Mar-05,,193000,,,,926665,,,,133000,166000,,714000,217,,639999,2390,125000,9440,609000,,,1325000,,155000,,199333,,,,330000,301000,,,,76600,,,179000,,,,,,88333,637000,32400,49250,236000,,328000,,,254000,,,,,,109000,,385000,638000,159000,208000,188000,,,,1570000,207000,,,,213000,,777000,,196000,,115000,,1470000,183500,137666,1031,520,,,,148900,163000,313500,379000,555000,435000,,439000,,,147000,,246000,203000,,,99900,,160750,176500,,,,79000,132000,,,,,,31500,200500,482000,,60000,237000,434000,,212000,,623000,,,,,337000,,250,,,,,516000,,217000,,18250,200000,26950,178750,,320000,,196000,,,336666,,,151750,,1903,,21950,,,270000,44250,136000,49400,,,,115000,,,1040000,2180,402000,367000
Feb-05,,201000,,,,949999,,,,132000,186000,,831000,251,,696666,2500,134000,9630,658000,,,1520000,,195000,,209999,,,,409000,360000,,,,71500,,,219000,,,,,,85666,741000,34500,50875,314000,,347000,,,303500,,,,,,108000,,391000,676000,157000,232000,194000,,,,1820000,227000,,,,202000,,963332,,191000,,99700,,1900000,167500,99666,1565,479,,,,145000,193000,304500,401000,610000,615000,,551000,,,151000,,310500,238000,,,114000,,170000,209500,,,,85800,138000,,,,,,40125,216000,498000,,60400,190000,476000,,162000,,700000,,,,,340000,,250,,,,,,,256000,,17130,84666,28600,156250,,388000,,187000,,,421666,,,156750,,1549,,22150,,,323000,51100,135000,41900,,,,143000,,,1180000,2335,422000,307000
Jan-05,,239000,,,,1026665,,,,156000,269000,,835000,264,,826665,2920,153000,9630,674000,,,1625000,,144000,,224333,,,,434000,412000,,,,70000,,,242000,,,,,,84999,736000,37800,43125,426000,,400000,,,424000,,,,,,102000,,449000,762000,164000,281000,222000,,,,2080000,186000,,,,212000,,1309998,,239000,,109000,,1620000,183000,59999,1150,612,,,,146000,168000,341000,436000,644000,780000,,639000,,,144000,,345500,230000,,,109000,,190500,259500,,,,97000,146000,,,,,,42250,217000,487500,,56800,195000,509000,,146000,,741000,,,,,356666,,259,,,,,,,222000,,18850,68833,30000,152500,,553000,,192000,,,354999,,,175750,,1666,,25750,,,347000,65600,157000,41900,,,,138000,,,1190000,2290,451000,268000
Dec-04,,178000,,,,959999,,,,98800,182000,,995000,219,,659999,2600,135000,8500,529000,,,1355000,,113000,,184666,,,,340000,335000,,,,62800,,,177000,,,,,,78999,601000,35750,37125,213000,,281000,,,342000,,,,,,84600,,330000,767000,125000,195000,194500,,,,1670000,140000,,,,185000,,1053332,,206000,,95500,,1350000,155500,42666,925,658,,,,134000,153000,254500,319000,575000,208000,,515000,,,139000,,192000,196000,,,55000,,155500,174000,,,,70600,126000,,,,,,27500,175000,480000,,53000,165000,494000,,124000,,629000,,,,,291666,,220,,,,,,,165000,,13970,57499,25000,137500,,408000,,169000,,,303333,,,153500,,1409,,17950,,,236000,44150,106000,29900,,,,114000,,,740000,1730,403000,239000
Nov-04,,177000,,,,839999,,,,110000,224000,,1040000,280,,719999,1970,139000,11240,538000,,,1450000,,166000,,197999,,,,397000,389000,,,,60200,,,194000,,,,,,83999,680000,37250,32625,279000,,283000,,,276500,,,,,,82500,,384000,750000,130000,207500,165000,,,,1650000,139000,,,,184000,,1143332,,210000,,127000,,,147500,48666,472,560,,,,145000,169000,210500,321000,450000,,,645000,,,130000,,220000,197000,,,64300,,184250,179750,,,,80000,137000,,,,,,28000,182000,321000,,53600,173000,480000,,122000,,550000,,,,,,,211,,,,,,,177000,,13090,52833,25000,136666,,393000,,176000,,,289999,,,147750,,1453,,20000,,,218000,51500,116000,30450,,,,120000,,,805000,1565,391000,229000
Oct-04,,153000,,,,583332,,,,158000,244000,,1070000,187,,579999,2680,129000,9440,580000,,,620000,,166000,,215333,,,,395000,458000,,,,61200,,,179000,,,,,,89666,592000,38900,30875,,,302000,,,192500,,,,,,93100,,355000,679000,117000,225000,154000,,,,1313332,137000,,,,200000,,1116665,,222000,,136000,,,155500,55666,540,547,,,,140000,183000,241500,320000,425000,,,655000,,,133000,,215000,206000,,,54800,,192500,177750,,,,,142000,,,,,,30000,180000,345000,,59400,185000,415000,,124600,,574000,,,,,,,211,,,,,,,162000,,13700,39833,24000,132083,,,,171000,,,283333,,,,,1633,,24500,,,211000,60300,128000,31500,,,,177000,,,910000,1670,410000,246000
Sep-04,,189000,,,,663332,,,,194000,326000,,1110000,198,,603332,2780,163000,7900,549000,,,565000,,204000,,201666,,,,452000,482000,,,,70500,,,227000,,,,,,100666,992000,40100,33375,,,350000,,,,,,,,,108000,,637000,719000,177000,252500,177000,,,,1509998,147000,,,,234000,,1243332,,245000,,116000,,,155000,,500,630,,,,154500,173000,363500,420000,416000,,,,,,147000,,306000,307000,,,67900,,221750,240250,,,,,159000,,,,,,38250,193000,,,59400,203000,439000,,129200,,855000,,,,,,,250,,,,,,,181000,,16410,40333,28800,149166,,,,174000,,,,,,,,1966,,27500,,,292000,74200,149000,37400,,,,188000,,,1090000,2330,505000,216000
Aug-04,,325000,,,,776665,,,,232000,431000,,1260000,202,,749999,3740,201000,8100,538000,,,675000,,227000,,,,,,630000,,,,,67500,,,296000,,,,,,151999,1280000,47200,37250,,,446666,,,,,,,,,101000,,771000,978000,215000,352500,210000,,,,,160000,,,,173000,,1443331,,336000,,138600,,,173500,,525,690,,,,149000,165000,456000,552000,576000,,,,,,150000,,381000,344000,,,126000,,307500,340000,,,,,183000,,,,,,,234500,,,64000,255000,501000,,,,973332,,,,,,,197,,,,,,,213000,,21130,52166,28800,197499,,,,203000,,,,,,,,2359,,19500,,,382000,80400,159000,39500,,,,190000,,,1540000,2520,461000,199000
Jul-04,,262000,,,,756665,,,,250000,547000,,1410000,188,,826665,3625,189000,8800,573000,,,640000,,217000,,,,,,608000,,,,,71500,,,315000,,,,,,229999,1180000,48300,34750,,,409999,,,,,,,,,106000,,1050000,1050000,244000,,196500,,,,,162000,,,,162000,,,,378000,,145600,,,185000,,475,830,,,,158500,172000,460000,622000,745000,,,,,,186000,,411000,356000,,,103000,,172500,340000,,,,,165000,,,,,,,238000,,,68000,266000,495000,,,,1036665,,,,,,,232,,,,,,,230000,,20100,43833,31000,197499,,,,213000,,,,,,,,2666,,18600,,,289000,86600,218000,40000,,,,195000,,,1420000,2990,443000,196000
Jun-04,,405000,,,,953332,,,,327000,655000,,,159,,893332,,222000,9600,711000,,,470000,,325000,,,,,,928000,,,,,89000,,,267000,,,,,,176333,1750000,66800,47875,,,569999,,,,,,,,,121000,,1290000,1780000,389000,,295000,,,,,180000,,,,183000,,,,367000,,168000,,,171000,,635,594,,,,171500,194000,580000,823332,,,,,,,207000,,555000,460000,,,92000,,,,,,,,210000,,,,,,,377500,,,77400,302000,651000,,,,,,,,,,,247,,,,,,,318000,,27340,52666,,,,,,210000,,,,,,,,2833,,19000,,,443332,128000,292000,40000,,,,241000,,,,4690,725000,248000
May-04,,167000,,,,929999,,,,304000,675000,,,99,,849999,,191000,10360,721000,,,265000,,309000,,,,,,885000,,,,,73500,,,179000,,,,,,,1360000,42250,42500,,,553332,,,,,,,,,126000,,,1100000,268000,,179250,,,,,151000,,,,160000,,,,270000,,128000,,,142500,,449,500,,,,161300,168000,472500,599999,,,,,,,180000,,550000,370000,,,27000,,,,,,,,201000,,,,,,,310000,,,75200,249000,412000,,,,,,,,,,,235,,,,,,,281000,,25800,52999,,,,,,185000,,,,,,,,2233,,16400,,,178333,127000,260000,34100,,,,209000,,,,4420,752000,192000
Apr-04,,197000,,,,750665,,,,435000,810000,,,116,,1186665,,209000,11900,722000,,,350000,,390000,,,,,,1050000,,,,,120000,,,220000,,,,,,,1686665,64000,46562,,,679999,,,,,,,,,139000,,,1166665,302000,,229500,,,,,187000,,,,208000,,,,341000,,76200,,,173000,,424,580,,,,208500,171000,607500,816665,,,,,,,242000,,695000,,,,32100,,,,,,,,248000,,,,,,,402500,,,86000,319000,443500,,,,,,,,,,,285,,,,,,,399000,,31000,73333,,,,,,202000,,,,,,,,3256,,23700,,,167666,153000,298500,46000,,,,292000,,,,5300,856665,222000
Mar-04,,90500,,,,696666,,,,364000,771000,,,85,,1053332,,163000,9000,706000,,,225000,,369000,,,,,,869000,,,,,119500,,,194000,,,,,,,693332,31750,24968,,,603332,,,,,,,,,141000,,,846665,,,208000,,,,,175000,,,,151000,,,,245000,,61800,,,142500,,293,592,,,,190000,143000,345000,,,,,,,,186000,,600000,,,,23500,,,,,,,,162000,,,,,,,305000,,,71600,282000,206500,,,,,,,,,,,164,,,,,,,423000,,38650,47333,,,,,,217000,,,,,,,,1716,,24500,,,121666,163000,220500,46200,,,,175000,,,,,463332,118000
Feb-04,,,,,,525999,,,,,405000,,,76,,733332,,107000,,735000,,,220000,,331000,,,,,,769000,,,,,64666,,,165000,,,,,,,,23300,14937,,,613332,,,,,,,,,148000,,,,,,123500,,,,,162000,,,,131000,,,,206000,,46800,,,125500,,286,560,,,,155900,97800,305000,,,,,,,,153000,,,,,,19500,,,,,,,,134000,,,,,,,202500,,,57100,256000,177500,,,,,,,,,,,100,,,,,,,286999,,47000,46666,,,,,,130000,,,,,,,,993,,8666,,,75333,135000,220500,42450,,,,115000,,,,,,100000
Jan-04,,,,,,426666,,,,,323000,,,77,,833332,,116000,,781000,,,207500,,381000,,,,,,1040000,,,,,31166,,,178000,,,,,,,,24850,14000,,,646666,,,,,,,,,136000,,,,,,111500,,,,,175000,,,,146000,,,,284000,,63000,,,126500,,295,600,,,,159000,109000,317500,,,,,,,,188000,,,,,,19000,,,,,,,,125000,,,,,,,,,,49500,304000,209500,,,,,,,,,,,110,,,,,,,289999,,36500,47833,,,,,,137000,,,,,,,,1046,,7733,,,54999,150000,227500,59000,,,,137000,,,,,,121000
Dec-03,,,,,,431999,,,,,244000,,,85,,759999,,100000,,818000,,,228000,,352000,,,,,,856665,,,,,32500,,,170000,,,,,,,,23900,13125,,,713332,,,,,,,,,,,,,,,75000,,,,,147000,,,,146000,,,,192000,,30400,,,118000,,296,525,,,,164000,107000,340000,,,,,,,,161000,,,,,,20600,,,,,,,,134000,,,,,,,,,,44500,253000,191000,,,,,,,,,,,105,,,,,,,239333,,24900,45000,,,,,,124000,,,,,,,,859,,7666,,,49000,194000,251500,48950,,,,137000,,,,,,122000
Nov-03,,,,,,373333,,,,,,,,68,,,,121000,,902000,,,250000,,401000,,,,,,946665,,,,,28333,,,204000,,,,,,,,22500,10453,,,,,,,,,,,,,,,,,,46250,,,,,145000,,,,146000,,,,173000,,32533,,,130000,,302,502,,,,225000,110000,,,,,,,,,169000,,,,,,20900,,,,,,,,142000,,,,,,,,,,,233333,180000,,,,,,,,,,,118,,,,,,,296666,,,49166,,,,,,168000,,,,,,,,923,,6500,,,38333,253000,302500,56800,,,,150000,,,,,,140000
Oct-03,,,,,,421999,,,,,,,,94,,,,137000,,840000,,,300000,,432000,,,,,,1066665,,,,,33000,,,207000,,,,,,,,27750,13218,,,,,,,,,,,,,,,,,,57250,,,,,153000,,,,185000,,,,217000,,,,,158000,,301,615,,,,,138000,,,,,,,,,196000,,,,,,24000,,,,,,,,129000,,,,,,,,,,,228333,,,,,,,,,,,,140,,,,,,,383333,,,60833,,,,,,193000,,,,,,,,926,,8700,,,45000,143000,354500,78700,,,,220000,,,,,,160000
Sep-03,,,,,,289999,,,,,,,,64,,,,98300,,795000,,,185500,,327000,,,,,,786665,,,,,26666,,,170000,,,,,,,,21600,10265,,,,,,,,,,,,,,,,,,39750,,,,,150000,,,,171000,,,,163000,,,,,156000,,230,550,,,,,107000,,,,,,,,,155000,,,,,,17000,,,,,,,,142000,,,,,,,,,,,206666,,,,,,,,,,,,159,,,,,,,255333,,,38333,,,,,,157000,,,,,,,,883,,6833,,,34666,,270000,77100,,,,216000,,,,,,105000
Aug-03,,,,,,213999,,,,,,,,65,,,,113000,,800000,,,127000,,266000,,,,,,,,,,,27500,,,187000,,,,,,,,24650,8750,,,,,,,,,,,,,,,,,,38125,,,,,149000,,,,116000,,,,130000,,,,,154500,,184,540,,,,,127000,,,,,,,,,165000,,,,,,12800,,,,,,,,157000,,,,,,,,,,,219999,,,,,,,,,,,,176,,,,,,,206666,,,42500,,,,,,164000,,,,,,,,649,,6166,,,41666,,,71500,,,,150000,,,,,,104000
Jul-03,,,,,,193333,,,,,,,,65,,,,63100,,814000,,,745000,,266500,,,,,,,,,,,22500,,,183000,,,,,,,,22300,,,,,,,,,,,,,,,,,,,21250,,,,,137000,,,,130000,,,,79800,,,,,187500,,186,310,,,,,116000,,,,,,,,,147000,,,,,,14600,,,,,,,,152000,,,,,,,,,,,228333,,,,,,,,,,,,175,,,,,,,159999,,,24666,,,,,,160000,,,,,,,,666,,6000,,,29000,,,41500,,,,125000,,,,,,99500
Jun-03,,,,,,159999,,,,,,,,49,,,,51500,,809000,,,745000,,250000,,,,,,,,,,,25000,,,185000,,,,,,,,23700,,,,,,,,,,,,,,,,,,,15000,,,,,150000,,,,128000,,,,69900,,,,,173750,,191,315,,,,,134000,,,,,,,,,160000,,,,,,13300,,,,,,,,162000,,,,,,,,,,,281999,,,,,,,,,,,,80,,,,,,,164666,,,14650,,,,,,91000,,,,,,,,649,,4466,,,30000,,,40850,,,,143000,,,,,,86700
May-03,,,,,,161999,,,,,,,,53,,,,62500,,895000,,,355000,,261500,,,,,,,,,,,25500,,,183000,,,,,,,,17000,,,,,,,,,,,,,,,,,,,10625,,,,,150000,,,,125000,,,,62000,,,,,,,192,270,,,,,88500,,,,,,,,,179000,,,,,,9640,,,,,,,,169000,,,,,,,,,,,273333,,,,,,,,,,,,80,,,,,,,156666,,,10000,,,,,,91000,,,,,,,,699,,4066,,,43000,,,47050,,,,83400,,,,,,87000
Apr-03,,,,,,148666,,,,,,,,48,,,,66600,,804000,,,350000,,173250,,,,,,,,,,,21666,,,141000,,,,,,,,12000,,,,,,,,,,,,,,,,,,,10312,,,,,127000,,,,118000,,,,56500,,,,,,,194,202,,,,,72000,,,,,,,,,147000,,,,,,8100,,,,,,,,169000,,,,,,,,,,,184999,,,,,,,,,,,,87,,,,,,,159666,,,10000,,,,,,83000,,,,,,,,599,,3600,,,13433,,,,,,,74600,,,,,,82700
Mar-03,,,,,,107999,,,,,,,,45,,,,34700,,781000,,,300500,,122500,,,,,,,,,,,17500,,,118000,,,,,,,,14125,,,,,,,,,,,,,,,,,,,10562,,,,,152000,,,,108000,,,,73000,,,,,,,195,190,,,,,62500,,,,,,,,,117000,,,,,,8700,,,,,,,,169000,,,,,,,,,,,176999,,,,,,,,,,,,90,,,,,,,141999,,,10333,,,,,,83000,,,,,,,,503,,4000,,,13533,,,,,,,80500,,,,,,77200
Feb-03,,,,,,115333,,,,,,,,42,,,,38000,,719000,,,350000,,82000,,,,,,,,,,,20833,,,211000,,,,,,,,16250,,,,,,,,,,,,,,,,,,,11250,,,,,152000,,,,112000,,,,82000,,,,,,,150,201,,,,,66400,,,,,,,,,,,,,,,9800,,,,,,,,201000,,,,,,,,,,,,,,,,,,,,,,,100,,,,,,,151666,,,10666,,,,,,86000,,,,,,,,483,,4100,,,14833,,,,,,,117000,,,,,,110000
Jan-03,,,,,,111333,,,,,,,,45,,,,40500,,900000,,,350000,,129500,,,,,,,,,,,38166,,,,,,,,,,,,,,,,,,,,,,,,,,,,,,11375,,,,,163000,,,,130000,,,,113000,,,,,,,215,270,,,,,81000,,,,,,,,,,,,,,,8250,,,,,,,,174000,,,,,,,,,,,,,,,,,,,,,,,70,,,,,,,145333,,,10666,,,,,,91000,,,,,,,,466,,3666,,,16833,,,,,,,120000,,,,,,140000
Dec-02,,,,,,77999,,,,,,,,53,,,,43000,,455000,,,327500,,65750,,,,,,,,,,,,,,,,,,,,,,,,,,,,,,,,,,,,,,,,,11500,,,,,180000,,,,115000,,,,140000,,,,,,,300,230,,,,,85000,,,,,,,,,,,,,,,9200,,,,,,,,174000,,,,,,,,,,,,,,,,,,,,,,,84,,,,,,,100999,,,9000,,,,,,90000,,,,,,,,533,,3866,,,16466,,,,,,,128000,,,,,,198000
Nov-02,,,,,,87999,,,,,,,,75,,,,43100,,429000,,,340000,,56750,,,,,,,,,,,,,,,,,,,,,,,,,,,,,,,,,,,,,,,,,13250,,,,,158000,,,,94500,,,,,,,,,,,355,270,,,,,92000,,,,,,,,,,,,,,,9300,,,,,,,,,,,,,,,,,,,,,,,,,,,,,,,120,,,,,,,98999,,,8333,,,,,,110000,,,,,,,,516,,4000,,,17333,,,,,,,138000,,,,,,195000
Oct-02,,,,,,96666,,,,,,,,85,,,,45800,,421000,,,350000,,37000,,,,,,,,,,,,,,,,,,,,,,,,,,,,,,,,,,,,,,,,,17125,,,,,181000,,,,103000,,,,,,,,,,,440,252,,,,,,,,,,,,,,,,,,,,11700,,,,,,,,,,,,,,,,,,,,,,,,,,,,,,,114,,,,,,,93333,,,8833,,,,,,107000,,,,,,,,649,,4400,,,21333,,,,,,,165000,,,,,,227000
Sep-02,,,,,,83333,,,,,,,,90,,,,58400,,494000,,,400000,,45000,,,,,,,,,,,,,,,,,,,,,,,,,,,,,,,,,,,,,,,,,17500,,,,,178000,,,,115000,,,,,,,,,,,520,368,,,,,,,,,,,,,,,,,,,,15500,,,,,,,,,,,,,,,,,,,,,,,,,,,,,,,130,,,,,,,97333,,,9500,,,,,,139000,,,,,,,,493,,4666,,,23333,,,,,,,170000,,,,,,228000
Aug-02,,,,,,105999,,,,,,,,75,,,,75000,,,,,400000,,50500,,,,,,,,,,,,,,,,,,,,,,,,,,,,,,,,,,,,,,,,,19250,,,,,208500,,,,159000,,,,,,,,,,,515,399,,,,,,,,,,,,,,,,,,,,19900,,,,,,,,,,,,,,,,,,,,,,,,,,,,,,,133,,,,,,,109333,,,13333,,,,,,190000,,,,,,,,529,,5000,,,26666,,,,,,,226000,,,,,,270000
Jul-02,,,,,,135333,,,,,,,,91,,,,88000,,,,,260000,,54250,,,,,,,,,,,,,,,,,,,,,,,,,,,,,,,,,,,,,,,,,20000,,,,,207500,,,,218000,,,,,,,,,,,605,405,,,,,,,,,,,,,,,,,,,,20700,,,,,,,,,,,,,,,,,,,,,,,,,,,,,,,145,,,,,,,134999,,,11833,,,,,,235000,,,,,,,,529,,5666,,,26233,,,,,,,280000,,,,,,279000
Jun-02,,,,,,149333,,,,,,,,73,,,,122000,,,,,295000,,51000,,,,,,,,,,,,,,,,,,,,,,,,,,,,,,,,,,,,,,,,,21250,,,,,200000,,,,243000,,,,,,,,,,,505,400,,,,,,,,,,,,,,,,,,,,24000,,,,,,,,,,,,,,,,,,,,,,,,,,,,,,,115,,,,,,,168333,,,18333,,,,,,212000,,,,,,,,533,,5666,,,23000,,,,,,,330000,,,,,,263000
May-02,,,,,,160666,,,,,,,,75,,,,159000,,,,,250000,,57500,,,,,,,,,,,,,,,,,,,,,,,,,,,,,,,,,,,,,,,,,21875,,,,,217500,,,,350000,,,,,,,,,,,482,490,,,,,,,,,,,,,,,,,,,,25500,,,,,,,,,,,,,,,,,,,,,,,,,,,,,,,135,,,,,,,178333,,,20166,,,,,,241000,,,,,,,,503,,6166,,,35000,,,,,,,364000,,,,,,260000
Apr-02,,,,,,203999,,,,,,,,65,,,,144000,,,,,282500,,44500,,,,,,,,,,,,,,,,,,,,,,,,,,,,,,,,,,,,,,,,,22500,,,,,250000,,,,420000,,,,,,,,,,,440,515,,,,,,,,,,,,,,,,,,,,25100,,,,,,,,,,,,,,,,,,,,,,,,,,,,,,,139,,,,,,,148333,,,18666,,,,,,262000,,,,,,,,539,,5666,,,44000,,,,,,,610000,,,,,,304000
Mar-02,,,,,,176666,,,,,,,,90,,,,185000,,,,,280500,,47500,,,,,,,,,,,,,,,,,,,,,,,,,,,,,,,,,,,,,,,,,22500,,,,,267500,,,,331000,,,,,,,,,,,472,401,,,,,,,,,,,,,,,,,,,,26000,,,,,,,,,,,,,,,,,,,,,,,,,,,,,,,156,,,,,,,108333,,,24666,,,,,,277000,,,,,,,,500,,6066,,,55999,,,,,,,631000,,,,,,320000
Feb-02,,,,,,159999,,,,,,,,125,,,,278000,,,,,280000,,49500,,,,,,,,,,,,,,,,,,,,,,,,,,,,,,,,,,,,,,,,,21625,,,,,270000,,,,420000,,,,,,,,,,,455,422,,,,,,,,,,,,,,,,,,,,25000,,,,,,,,,,,,,,,,,,,,,,,,,,,,,,,180,,,,,,,90333,,,19166,,,,,,260000,,,,,,,,470,,6100,,,52999,,,,,,,606000,,,,,,360000
Jan-02,,,,,,117999,,,,,,,,135,,,,486000,,,,,290000,,57000,,,,,,,,,,,,,,,,,,,,,,,,,,,,,,,,,,,,,,,,,20937,,,,,331500,,,,600000,,,,,,,,,,,457,382,,,,,,,,,,,,,,,,,,,,29500,,,,,,,,,,,,,,,,,,,,,,,,,,,,,,,184,,,,,,,96999,,,17333,,,,,,251000,,,,,,,,566,,8200,,,63333,,,,,,,538000,,,,,,302000
Dec-01,,,,,,95333,,,,,,,,135,,,,343000,,,,,300000,,56500,,,,,,,,,,,,,,,,,,,,,,,,,,,,,,,,,,,,,,,,,21875,,,,,265000,,,,494000,,,,,,,,,,,485,425,,,,,,,,,,,,,,,,,,,,27500,,,,,,,,,,,,,,,,,,,,,,,,,,,,,,,143,,,,,,,179999,,,19333,,,,,,317000,,,,,,,,593,,6000,,,50000,,,,,,,405000,,,,,,299000
Nov-01,,,,,,63333,,,,,,,,170,,,,194000,,,,,300000,,70000,,,,,,,,,,,,,,,,,,,,,,,,,,,,,,,,,,,,,,,,,21000,,,,,249500,,,,471000,,,,,,,,,,,515,465,,,,,,,,,,,,,,,,,,,,29300,,,,,,,,,,,,,,,,,,,,,,,,,,,,,,,240,,,,,,,133999,,,30000,,,,,,444000,,,,,,,,606,,7166,,,64166,,,,,,,462000,,,,,,433000
Oct-01,,,,,,76666,,,,,,,,175,,,,148000,,,,,290000,,53750,,,,,,,,,,,,,,,,,,,,,,,,,,,,,,,,,,,,,,,,,21750,,,,,235000,,,,93000,,,,,,,,,,,575,515,,,,,,,,,,,,,,,,,,,,29100,,,,,,,,,,,,,,,,,,,,,,,,,,,,,,,277,,,,,,,124999,,,24833,,,,,,530000,,,,,,,,613,,8333,,,83333,,,,,,,470000,,,,,,374000
Sep-01,,,,,,86666,,,,,,,,169,,,,108000,,,,,244500,,41000,,,,,,,,,,,,,,,,,,,,,,,,,,,,,,,,,,,,,,,,,18750,,,,,,,,,42000,,,,,,,,,,,490,391,,,,,,,,,,,,,,,,,,,,27000,,,,,,,,,,,,,,,,,,,,,,,,,,,,,,,280,,,,,,,106333,,,10500,,,,,,445000,,,,,,,,666,,7333,,,46166,,,,,,,377000,,,,,,400000
Aug-01,,,,,,126666,,,,,,,,180,,,,148000,,,,,245000,,44250,,,,,,,,,,,,,,,,,,,,,,,,,,,,,,,,,,,,,,,,,20781,,,,,,,,,,,,,,,,,,,,665,442,,,,,,,,,,,,,,,,,,,,32500,,,,,,,,,,,,,,,,,,,,,,,,,,,,,,,365,,,,,,,133333,,,10833,,,,,,680000,,,,,,,,673,,6900,,,70833,,,,,,,462000,,,,,,489000
Jul-01,,,,,,143999,,,,,,,,165,,,,186000,,,,,355000,,93750,,,,,,,,,,,,,,,,,,,,,,,,,,,,,,,,,,,,,,,,,22812,,,,,,,,,,,,,,,,,,,,655,790,,,,,,,,,,,,,,,,,,,,29100,,,,,,,,,,,,,,,,,,,,,,,,,,,,,,,500,,,,,,,239999,,,15000,,,,,,1040000,,,,,,,,763,,8166,,,83333,,,,,,,443332,,,,,,505000
Jun-01,,,,,,147999,,,,,,,,168,,,,,,,,,315000,,132500,,,,,,,,,,,,,,,,,,,,,,,,,,,,,,,,,,,,,,,,,20312,,,,,,,,,,,,,,,,,,,,675,800,,,,,,,,,,,,,,,,,,,,34700,,,,,,,,,,,,,,,,,,,,,,,,,,,,,,,600,,,,,,,279999,,,16833,,,,,,1150000,,,,,,,,833,,9266,,,98333,,,,,,,533332,,,,,,620000
May-01,,,,,,199999,,,,,,,,136,,,,,,,,,340500,,135000,,,,,,,,,,,,,,,,,,,,,,,,,,,,,,,,,,,,,,,,,18781,,,,,,,,,,,,,,,,,,,,780,981,,,,,,,,,,,,,,,,,,,,30000,,,,,,,,,,,,,,,,,,,,,,,,,,,,,,,735,,,,,,,366666,,,28333,,,,,,1525000,,,,,,,,743,,9966,,,124999,,,,,,,813332,,,,,,619000
Apr-01,,,,,,239999,,,,,,,,95,,,,,,,,,267500,,153250,,,,,,,,,,,,,,,,,,,,,,,,,,,,,,,,,,,,,,,,,20000,,,,,,,,,,,,,,,,,,,,640,935,,,,,,,,,,,,,,,,,,,,34500,,,,,,,,,,,,,,,,,,,,,,,,,,,,,,,701,,,,,,,399999,,,32500,,,,,,1425000,,,,,,,,789,,9766,,,149333,,,,,,,916665,,,,,,673000
Mar-01,,,,,,246666,,,,,,,,107,,,,,,,,,297500,,163500,,,,,,,,,,,,,,,,,,,,,,,,,,,,,,,,,,,,,,,,,22656,,,,,,,,,,,,,,,,,,,,675,950,,,,,,,,,,,,,,,,,,,,43000,,,,,,,,,,,,,,,,,,,,,,,,,,,,,,,900,,,,,,,436666,,,35833,,,,,,1450000,,,,,,,,783,,12333,,,145166,,,,,,,846665,,,,,,
Feb-01,,,,,,259999,,,,,,,,108,,,,,,,,,400000,,155000,,,,,,,,,,,,,,,,,,,,,,,,,,,,,,,,,,,,,,,,,21468,,,,,,,,,,,,,,,,,,,,620,1170,,,,,,,,,,,,,,,,,,,,48500,,,,,,,,,,,,,,,,,,,,,,,,,,,,,,,970,,,,,,,496666,,,38333,,,,,,1825000,,,,,,,,866,,12333,,,174999,,,,,,,799999,,,,,,
Jan-01,,,,,,,,,,,,,,90,,,,,,,,,280000,,,,,,,,,,,,,,,,,,,,,,,,,,,,,,,,,,,,,,,,,,,18437,,,,,,,,,,,,,,,,,,,,595,745,,,,,,,,,,,,,,,,,,,,33200,,,,,,,,,,,,,,,,,,,,,,,,,,,,,,,900,,,,,,,409999,,,40166,,,,,,2425000,,,,,,,,733,,11000,,,163333,,,,,,,866665,,,,,,
Dec-00,,,,,,,,,,,,,,115,,,,,,,,,275000,,,,,,,,,,,,,,,,,,,,,,,,,,,,,,,,,,,,,,,,,,,14375,,,,,,,,,,,,,,,,,,,,420,798,,,,,,,,,,,,,,,,,,,,26900,,,,,,,,,,,,,,,,,,,,,,,,,,,,,,,800,,,,,,,279999,,,36666,,,,,,2675000,,,,,,,,726,,8500,,,101666,,,,,,,583332,,,,,,
Nov-00,,,,,,,,,,,,,,212,,,,,,,,,220500,,,,,,,,,,,,,,,,,,,,,,,,,,,,,,,,,,,,,,,,,,,12812,,,,,,,,,,,,,,,,,,,,675,980,,,,,,,,,,,,,,,,,,,,31000,,,,,,,,,,,,,,,,,,,,,,,,,,,,,,,900,,,,,,,,,,41000,,,,,,3250000,,,,,,,,799,,12033,,,,,,,,,,,,,,,,
Oct-00,,,,,,,,,,,,,,240,,,,,,,,,350000,,,,,,,,,,,,,,,,,,,,,,,,,,,,,,,,,,,,,,,,,,,11937,,,,,,,,,,,,,,,,,,,,850,975,,,,,,,,,,,,,,,,,,,,33800,,,,,,,,,,,,,,,,,,,,,,,,,,,,,,,960,,,,,,,,,,,,,,,,3100000,,,,,,,,833,,12800,,,,,,,,,,,,,,,,
Sep-00,,,,,,,,,,,,,,295,,,,,,,,,1065000,,,,,,,,,,,,,,,,,,,,,,,,,,,,,,,,,,,,,,,,,,,20625,,,,,,,,,,,,,,,,,,,,970,1200,,,,,,,,,,,,,,,,,,,,,,,,,,,,,,,,,,,,,,,,,,,,,,,,,,,990,,,,,,,,,,,,,,,,3200000,,,,,,,,1109,,20466,,,,,,,,,,,,,,,,
Aug-00,,,,,,,,,,,,,,360,,,,,,,,,1475000,,,,,,,,,,,,,,,,,,,,,,,,,,,,,,,,,,,,,,,,,,,27656,,,,,,,,,,,,,,,,,,,,1000,1300,,,,,,,,,,,,,,,,,,,,,,,,,,,,,,,,,,,,,,,,,,,,,,,,,,,1271,,,,,,,,,,,,,,,,3240000,,,,,,,,1533,,27400,,,,,,,,,,,,,,,,
Jul-00,,,,,,,,,,,,,,340,,,,,,,,,1550000,,,,,,,,,,,,,,,,,,,,,,,,,,,,,,,,,,,,,,,,,,,36562,,,,,,,,,,,,,,,,,,,,925,1350,,,,,,,,,,,,,,,,,,,,,,,,,,,,,,,,,,,,,,,,,,,,,,,,,,,1020,,,,,,,,,,,,,,,,2100000,,,,,,,,1966,,26666,,,,,,,,,,,,,,,,
Jun-00,,,,,,,,,,,,,,401,,,,,,,,,2150000,,,,,,,,,,,,,,,,,,,,,,,,,,,,,,,,,,,,,,,,,,,39062,,,,,,,,,,,,,,,,,,,,1125,,,,,,,,,,,,,,,,,,,,,,,,,,,,,,,,,,,,,,,,,,,,,,,,,,,,,,,,,,,,,,,,,,,,,,,,,,,,,,28833,,,,,,,,,,,,,,,,
May-00,,,,,,,,,,,,,,320,,,,,,,,,2650000,,,,,,,,,,,,,,,,,,,,,,,,,,,,,,,,,,,,,,,,,,,45312,,,,,,,,,,,,,,,,,,,,750,,,,,,,,,,,,,,,,,,,,,,,,,,,,,,,,,,,,,,,,,,,,,,,,,,,,,,,,,,,,,,,,,,,,,,,,,,,,,,34333,,,,,,,,,,,,,,,,
Apr-00,,,,,,,,,,,,,,390,,,,,,,,,3700000,,,,,,,,,,,,,,,,,,,,,,,,,,,,,,,,,,,,,,,,,,,77734,,,,,,,,,,,,,,,,,,,,,,,,,,,,,,,,,,,,,,,,,,,,,,,,,,,,,,,,,,,,,,,,,,,,,,,,,,,,,,,,,,,,,,,,,,,,,,,,,,76666,,,,,,,,,,,,,,,,
Mar-00,,,,,,,,,,,,,,580,,,,,,,,,13000000,,,,,,,,,,,,,,,,,,,,,,,,,,,,,,,,,,,,,,,,,,,107812,,,,,,,,,,,,,,,,,,,,,,,,,,,,,,,,,,,,,,,,,,,,,,,,,,,,,,,,,,,,,,,,,,,,,,,,,,,,,,,,,,,,,,,,,,,,,,,,,,109999,,,,,,,,,,,,,,,,
Feb-99,,,,,,,,,,,,,,,,,,,,,,,,,,,,,,,,,,,,,,,,,,,,,,,,,,,,,,,,,,,,,,,,,,,,,,,,,,,,,,,,,,,,,,,,,,,,,,,,,,,,,,,,,,,,,,,,,,,,,,,,,,,,,,,,,,,,,,,,,,,,,,,,,,,,,,,,,,,,,,,,,,,,147777,,,,,,,,,,,,,,,,
